fon_kodu,unvan,risk_seviyesi,yonetim_ucreti,stopaj,alis_valoru,satis_valoru,pys,kategori,veri_tarihi,fon_buyuklugu,yatirimci_sayisi,gunluk_nakit_giris_cikisi
AAL,ATA PORTFÖY PARA PİYASASI (TL) FONU,1,1,0.175,0,0,ATA PORTFÖY YÖNETİMİ A.Ş.,Para Piyasası,2026-09-18T00:00:00.000Z,1729382649,4431,-133756294.48636
AAS,ATA PORTFÖY FON SEPETİ SERBEST FON,5,0.75,0.175,1,3,ATA PORTFÖY YÖNETİMİ A.Ş.,Kategorisiz,2026-09-18T00:00:00.000Z,17175554,147,17170.148897000003
AAV,ATA PORTFÖY İKİNCİ HİSSE SENEDİ (TL) FONU (HİSSE SENEDİ YOĞUN FON),6,2.25,0,1,2,ATA PORTFÖY YÖNETİMİ A.Ş.,Yerli Hisse,2026-09-18T00:00:00.000Z,135626988,1929,-165827.99154
AC1,PARDUS PORTFÖY KISA VADELİ KATILIM SERBEST FON,2,1,0.175,0,0,PARDUS PORTFÖY YÖNETİMİ A.Ş.,Serbest Katılım Fonları,2026-09-18T00:00:00.000Z,339515923,194,0
AC4,PARDUS PORTFÖY PARA PİYASASI (TL) FON,1,1,0.175,0,0,PARDUS PORTFÖY YÖNETİMİ A.Ş.,Para Piyasası,2026-09-21T00:00:00.000Z,1885979597,0,0
AC5,PARDUS PORTFÖY İSTATİSTİKSEL ARBİTRAJ HİSSE SENEDİ SERBEST (TL) FON (HİSSE SENEDİ YOĞUN FON),3,1.5,0,1,2,PARDUS PORTFÖY YÖNETİMİ A.Ş.,Serbest İstatistiksel Arbitraj Fonları,2026-09-18T00:00:00.000Z,23799999,143,-107.653056
AC6,PARDUS PORTFÖY DÖRDÜNCÜ SERBEST (DÖVİZ) FON,6,2.5,0.175,1,2,PARDUS PORTFÖY YÖNETİMİ A.Ş.,Döviz Fon,2026-09-18T00:00:00.000Z,73026467,81,718674.47806
ACC,İSTANBUL PORTFÖY DÖRDÜNCÜ HİSSE SENEDİ FONU (HİSSE SENEDİ YOĞUN FON),6,2.56,0,1,2,İSTANBUL PORTFÖY YÖNETİMİ A.Ş.,Yerli Hisse,2026-09-21T00:00:00.000Z,83728831,1261,-1060076.313764
ACD,İSTANBUL PORTFÖY İKİNCİ DEĞİŞKEN FON,5,2.1,0,1,2,İSTANBUL PORTFÖY YÖNETİMİ A.Ş.,Kategorisiz,2026-09-21T00:00:00.000Z,346510463,1481,-1865011.610385
ACU,İSTANBUL PORTFÖY URARTU SERBEST (DÖVİZ) FON,5,1.095,0.175,,,İSTANBUL PORTFÖY YÖNETİMİ A.Ş.,Döviz Fon,2026-09-21T00:00:00.000Z,1478664390,159,0
ADE,AK PORTFÖY MUTLAK GETİRİ HEDEFLİ DEĞİŞKEN FON,4,2,0.175,1,2,AK PORTFÖY YÖNETİMİ A.Ş.,Mutlak Getiri Hedefli,2026-09-21T00:00:00.000Z,682917540,20333,-1519774.572087
ADP,AK PORTFÖY BIST BANKA ENDEKSİ HİSSE SENEDİ (TL) FONU (HİSSE SENEDİ YOĞUN FON),,2,0,1,2,AK PORTFÖY YÖNETİMİ A.Ş.,Tematik Hisse,2026-09-21T00:00:00.000Z,3998792209,12221,-1604887.916913
AED,ATA PORTFÖY BİRİNCİ DEĞİŞKEN FON,5,1.75,0,1,2,ATA PORTFÖY YÖNETİMİ A.Ş.,Kategorisiz,2026-09-18T00:00:00.000Z,65247791,1375,-493447.369324
AES,AK PORTFÖY PETROL YABANCI BYF FON SEPETİ FONU,7,2.9,0.175,1,3,AK PORTFÖY YÖNETİMİ A.Ş.,Yabancı Fonlar,2026-09-18T00:00:00.000Z,1564532359,37399,8469593.388651
AEV,ALLBATROSS PORTFÖY SANAYİ ŞİRKETLERİ HİSSE SENEDİ (TL) FONU (HİSSE SENEDİ YOĞUN FON),6,3,0,1,2,ALLBATROSS PORTFÖY YÖNETİMİ A.Ş.,Yerli Hisse,2026-09-21T00:00:00.000Z,7903343,0,-477474.10352
AFA,AK PORTFÖY AMERİKA YABANCI HİSSE SENEDİ FONU,6,2.9,0.175,1,2,AK PORTFÖY YÖNETİMİ A.Ş.,Yabancı Fonlar,2026-09-21T00:00:00.000Z,5440708434,15550,-21822184.550907
AFO,AK PORTFÖY ALTIN FONU,6,2.04,0.175,1,1,AK PORTFÖY YÖNETİMİ A.Ş.,Altın Fonları,2026-09-21T00:00:00.000Z,19175318419,66712,-51858894.975224994
AFS,AK PORTFÖY SAĞLIK SEKTÖRÜ YABANCI HİSSE SENEDİ FONU,,2.9,0.175,1,3,AK PORTFÖY YÖNETİMİ A.Ş.,Tematik Hisse,2026-09-21T00:00:00.000Z,904163905,21935,-2352971.861824
AFT,AK PORTFÖY YENİ TEKNOLOJİLER YABANCI HİSSE SENEDİ FONU,6,2.9,0.175,1,2,AK PORTFÖY YÖNETİMİ A.Ş.,Tematik Hisse,2026-09-21T00:00:00.000Z,18918597153,66302,-84769077.54371999
AFV,AK PORTFÖY AVRUPA YABANCI HİSSE SENEDİ FONU,6,2.9,0.175,1,3,AK PORTFÖY YÖNETİMİ A.Ş.,Yabancı Fonlar,2026-09-21T00:00:00.000Z,1196332765,6249,-3626405.1073220004
AGC,AK PORTFÖY İKİNCİ DEĞİŞKEN FON,2,1.5,0.175,1,3,AK PORTFÖY YÖNETİMİ A.Ş.,Kategorisiz,2026-09-21T00:00:00.000Z,105362999,2137,-15142.276895
AHI,ATLAS PORTFÖY BİRİNCİ HİSSE SENEDİ FONU (HİSSE SENEDİ YOĞUN FON),6,2.9,0,1,2,ATLAS PORTFÖY YÖNETİMİ A.Ş.,Yerli Hisse,2026-09-18T00:00:00.000Z,104454584,2467,-911484.3651480001
AHN,ATLAS PORTFÖY SERBEST (DÖVİZ) FON,7,1.5,0.175,1,3,ATLAS PORTFÖY YÖNETİMİ A.Ş.,Döviz Fon,2026-09-18T00:00:00.000Z,32973928,100,-102136.598969
AHU,ATLAS PORTFÖY BİRİNCİ ÖZEL SEKTÖR BORÇLANMA ARAÇLARI FONU,1,1.4,0.175,1,1,ATLAS PORTFÖY YÖNETİMİ A.Ş.,Borçlanma Araçları - Özel Sektör,2026-09-18T00:00:00.000Z,80826071,568,-16663832.502848
AHV,AZİMUT PORTFÖY DENGELİ FON SEPETİ FONU,4,2,0.175,1,3,AZİMUT PORTFÖY YÖNETİMİ A.Ş.,Kategorisiz,2026-09-21T00:00:00.000Z,135996341,0,-7181.92062
AIS,AK PORTFÖY PARA PİYASASI KATILIM FONU,1,0.39,0.175,0,0,AK PORTFÖY YÖNETİMİ A.Ş.,Para Piyasası,2026-09-21T00:00:00.000Z,10799982310,4542,22556227.19862
AJ1,A1 CAPİTAL PORTFÖY İSTATİSTİKSEL ARBİTRAJ HİSSE SENEDİ SERBEST FON (HİSSE SENEDİ YOĞUN FON),2,3,0,1,2,A1 CAPİTAL PORTFÖY YÖNETİMİ A.Ş.,Serbest İstatistiksel Arbitraj Fonları,2026-09-18T00:00:00.000Z,10310386,82,-108.99448
AJK,AK PORTFÖY 0-5 YIL VADELİ SERBEST (DÖVİZ) FON,,0.9,0.175,1,2,AK PORTFÖY YÖNETİMİ A.Ş.,Döviz Fon,2026-09-21T00:00:00.000Z,127650140,13,-13251.821554
AK2,AK PORTFÖY UZUN VADELİ BORÇLANMA ARAÇLARI FONU,5,2,0.175,1,1,AK PORTFÖY YÖNETİMİ A.Ş.,Uzun Vadeli Borçlanma Araçları,2026-09-21T00:00:00.000Z,222272792,8199,-54368824.375117995
AK3,AK PORTFÖY HİSSE SENEDİ (TL) FONU (HİSSE SENEDİ YOĞUN FON),6,3.4,0,1,2,AK PORTFÖY YÖNETİMİ A.Ş.,Yerli Hisse,2026-09-21T00:00:00.000Z,8022980633,13877,-328456.581352
AKE,AK PORTFÖY EUROBOND (AMERİKAN DOLARI) BORÇLANMA ARAÇLARI FONU,5,2.9,0.175,1,2,AK PORTFÖY YÖNETİMİ A.Ş.,Döviz Fon,2026-09-21T00:00:00.000Z,1035633725,11440,-1011982.9565229999
AKU,AK PORTFÖY BIST 30 ENDEKSİ HİSSE SENEDİ (TL) FONU (HİSSE SENEDİ YOĞUN FON),6,2,0,1,2,AK PORTFÖY YÖNETİMİ A.Ş.,Tematik Hisse,2026-09-21T00:00:00.000Z,2476307730,14085,-89566.19671999999
ALC,AK PORTFÖY KAR PAYI ÖDEYEN ŞİRKETLER HİSSE SENEDİ (TL) FONU (HİSSE SENEDİ YOĞUN FON),6,2.95,0,1,2,AK PORTFÖY YÖNETİMİ A.Ş.,Yerli Hisse,2026-09-21T00:00:00.000Z,1580499247,17009,-2554939.252545
AN1,STRATEJİ PORTFÖY BİRİNCİ DEĞİŞKEN FON,,3,0.175,1,2,STRATEJİ PORTFÖY YÖNETİMİ A.Ş.,Kategorisiz,2026-09-21T00:00:00.000Z,1339621262,7,-4587313.855112
ANZ,ATA PORTFÖY DÖRDÜNCÜ SERBEST (DÖVİZ) FON,,0.75,0.175,1,2,ATA PORTFÖY YÖNETİMİ A.Ş.,Döviz Fon,2026-09-18T00:00:00.000Z,258838100,154,39909.2898
AOJ,ALLBATROSS PORTFÖY İNŞAAT SEKTÖRÜ HİSSE SENEDİ SERBEST (TL) FON (HİSSE SENEDİ YOĞUN FON),7,1,0,1,2,ALLBATROSS PORTFÖY YÖNETİMİ A.Ş.,Tematik Hisse,2026-09-21T00:00:00.000Z,18113344,0,-898578.9059509999
AOY,AK PORTFÖY ALTERNATİF ENERJİ YABANCI HİSSE SENEDİ FONU,7,2.9,0.175,1,3,AK PORTFÖY YÖNETİMİ A.Ş.,Yabancı Fonlar,2026-09-21T00:00:00.000Z,964433153,26439,-6458983.44896
AP5,ATLAS PORTFÖY BEŞİNCİ HİSSE SENEDİ SERBEST FON (HİSSE SENEDİ YOĞUN FON),6,1,0,1,2,ATLAS PORTFÖY YÖNETİMİ A.Ş.,Yerli Hisse,2026-09-18T00:00:00.000Z,842002,15,21.793374
AP7,PARDUS PORTFÖY ALGO ETNA İSTATİSTİKSEL ARBİTRAJ SERBEST FON,3,4.5,0.175,1,2,PARDUS PORTFÖY YÖNETİMİ A.Ş.,Serbest İstatistiksel Arbitraj Fonları,2026-09-18T00:00:00.000Z,195151905,412,-2160876.455569
APJ,AK PORTFÖY BIST ŞİRKETLERİ FON SEPETİ FONU,6,1.7,0.175,1,3,AK PORTFÖY YÖNETİMİ A.Ş.,Endeks Temalı Fonlar,2026-09-18T00:00:00.000Z,80272479,2863,57042.688041
APT,AK PORTFÖY ORTA VADELİ BORÇLANMA ARAÇLARI FONU,3,2,0.175,1,1,AK PORTFÖY YÖNETİMİ A.Ş.,Kategorisiz,2026-09-21T00:00:00.000Z,407683538,13070,-24027337.898852
ARE,İSTANBUL PORTFÖY YABANCI HİSSE SENEDİ FONU,6,2.5,0.175,1,3,İSTANBUL PORTFÖY YÖNETİMİ A.Ş.,Yabancı Fonlar,2026-09-21T00:00:00.000Z,55032507,2022,-8299886.838706001
ARL,AK PORTFÖY BİRİNCİ FON SEPETİ FONU,,1.95,0.175,1,2,AK PORTFÖY YÖNETİMİ A.Ş.,Kategorisiz,2026-09-18T00:00:00.000Z,3962922294,7294,-3697298.78292
ARM,AK PORTFÖY İKİNCİ FON SEPETİ FONU,,1.95,0.175,1,2,AK PORTFÖY YÖNETİMİ A.Ş.,Kategorisiz,2026-09-18T00:00:00.000Z,2960353581,4961,-2648321.2327839998
AS1,ALLBATROSS PORTFÖY BİRİNCİ SERBEST (DÖVİZ) FON,5,0.25,0.175,1,3,ALLBATROSS PORTFÖY YÖNETİMİ A.Ş.,Döviz Fon,2026-09-21T00:00:00.000Z,6369324,0,-1058.035006
ASJ,AKTİF PORTFÖY HİSSE SENEDİ (TL) FONU (HİSSE SENEDİ YOĞUN FON),6,2.75,0,1,2,AKTİF PORTFÖY YÖNETİMİ A.Ş.,Yerli Hisse,2026-09-21T00:00:00.000Z,57576172,741,-446124.044412
ATJ,AZİMUT PORTFÖY İKİNCİ DEĞİŞKEN FON,6,0.4,0.175,1,2,AZİMUT PORTFÖY YÖNETİMİ A.Ş.,Kategorisiz,2026-09-21T00:00:00.000Z,991199213,0,0
AU1,A1 CAPİTAL PORTFÖY ALTIN FONU,6,1.4,0.175,1,1,A1 CAPİTAL PORTFÖY YÖNETİMİ A.Ş.,Altın Fonları,2026-09-18T00:00:00.000Z,49585651,838,-1131525.067452
AUV,AK PORTFÖY UZUN VADELİ SERBEST (DÖVİZ) FON,,1.5,0.175,1,2,AK PORTFÖY YÖNETİMİ A.Ş.,Döviz Fon,2026-09-21T00:00:00.000Z,382135411,87,-1265225.387412
AYA,ATA PORTFÖY KAR PAYI ÖDEYEN HİSSE SENEDİ (TL) FONU (HİSSE SENEDİ YOĞUN FON),6,2.5,0,1,2,ATA PORTFÖY YÖNETİMİ A.Ş.,Yerli Hisse,2026-09-18T00:00:00.000Z,1035098330,9295,-11403319.995277999
AYR,AK PORTFÖY ÖZEL SEKTÖR BORÇLANMA ARAÇLARI (TL) FONU,1,2.5,0.175,1,1,AK PORTFÖY YÖNETİMİ A.Ş.,Borçlanma Araçları - Özel Sektör,2026-09-21T00:00:00.000Z,1661317397,12386,-7504194.569391
BAG,BULLS PORTFÖY ATAK DEĞİŞKEN FON,4,2.5,0.175,1,2,BULLS PORTFÖY YÖNETİMİ A.Ş.,Kategorisiz,2026-09-18T00:00:00.000Z,93535298,173,-54660.20262899999
BAI,BV PORTFÖY ALTIN KATILIM FONU,6,1.72,,1,1,BV PORTFÖY YÖNETİMİ A.Ş.,Altın Fonları,2026-09-21T00:00:00.000Z,62460375,124,-4828.9472000000005
BBF,PARDUS PORTFÖY BİRİNCİ BORÇLANMA ARAÇLARI (TL) FON,2,1.5,0.175,1,2,PARDUS PORTFÖY YÖNETİMİ A.Ş.,Kategorisiz,2026-09-21T00:00:00.000Z,144397717,0,12969.423128
BBP,ALLBATROSS PORTFÖY BİRİNCİ BORÇLANMA ARAÇLARI FONU,6,1.75,0.175,1,2,ALLBATROSS PORTFÖY YÖNETİMİ A.Ş.,Kategorisiz,2026-09-21T00:00:00.000Z,13338731,0,-5219100.015972001
BBS,BULLS PORTFÖY BİRİNCİ SERBEST (TL) FON,2,2.75,0.175,1,2,BULLS PORTFÖY YÖNETİMİ A.Ş.,Kategorisiz,2026-09-18T00:00:00.000Z,1067441592,663,-1355653938.619968
BCK,DENİZ PORTFÖY BLOCKHAİN VE FİNTECH TEKNOLOJİLERİ DEĞİŞKEN FON,6,2.5,0.175,1,2,DENİZ PORTFÖY YÖNETİMİ A.Ş.,Teknoloji,2026-09-21T00:00:00.000Z,111021336,0,-3471653.0782319997
BCO,BULLS PORTFÖY ÇOKLU VARLIK KATILIM FONU,6,2.25,0.175,1,2,BULLS PORTFÖY YÖNETİMİ A.Ş.,Kategorisiz,2026-09-18T00:00:00.000Z,97635051,1317,-11878651.481118001
BDA,YAPI KREDİ PORTFÖY BİRİNCİ KATILIM SERBEST (DÖVİZ-AVRO) FON,,0.5,0.175,1,1,YAPI KREDİ PORTFÖY YÖNETİMİ A.Ş.,Serbest Katılım Fonları,2026-09-21T00:00:00.000Z,5759886955,621,-66993191.902
BDS,PARDUS PORTFÖY BIST 30 DIŞI ŞİRKETLER HİSSE SENEDİ (TL) FONU (HİSSE SENEDİ YOĞUN FON),6,1,0,1,2,PARDUS PORTFÖY YÖNETİMİ A.Ş.,Tematik Hisse,2026-09-21T00:00:00.000Z,151637302,0,-1246117.013568
BDY,AK PORTFÖY BIST 100 DIŞI ŞİRKETLER HİSSE SENEDİ (TL) FONU (HİSSE SENEDİ YOĞUN FON),6,3.3,0,1,2,AK PORTFÖY YÖNETİMİ A.Ş.,Tematik Hisse,2026-09-21T00:00:00.000Z,89882707,1538,-6493077.555426
BFE,ALLBATROSS PORTFÖY BİRİNCİ FON SEPETİ FONU,5,2,0.175,1,2,ALLBATROSS PORTFÖY YÖNETİMİ A.Ş.,Kategorisiz,2026-09-21T00:00:00.000Z,10131407,0,-10675.651641
BFS,BULLS PORTFÖY EMTİA FON SEPETİ FONU,6,2.5,0.175,1,2,BULLS PORTFÖY YÖNETİMİ A.Ş.,Emtia Fonları,2026-09-18T00:00:00.000Z,27058447,323,-1475373.637195
BFT,AZİMUT PORTFÖY BANKA VE FİNANS SEKTÖRÜ HİSSE SENEDİ FONU (HİSSE SENEDİ YOĞUN FON),6,2.35,0,1,2,AZİMUT PORTFÖY YÖNETİMİ A.Ş.,Tematik Hisse,2026-09-21T00:00:00.000Z,193891119,0,-1946037.527208
BGP,AK PORTFÖY ÜÇÜNCÜ PARA PİYASASI (TL) FONU,1,0.49,0.175,0,0,AK PORTFÖY YÖNETİMİ A.Ş.,Para Piyasası,2026-09-21T00:00:00.000Z,51502401567,0,754913424.315644
BGR,AK PORTFÖY BIST GYO ENDEKSİ HİSSE SENEDİ (TL) FONU (HİSSE SENEDİ YOĞUN FON),6,2,0,1,2,AK PORTFÖY YÖNETİMİ A.Ş.,Tematik Hisse,2026-09-21T00:00:00.000Z,30240087,0,-94074.326555
BHA,BULLS PORTFÖY HİSSE SENEDİ (TL) FONU (HİSSE SENEDİ YOĞUN FON),6,2.75,0,1,2,BULLS PORTFÖY YÖNETİMİ A.Ş.,Yerli Hisse,2026-09-18T00:00:00.000Z,87970960,751,-2927419.75824
BHE,AK PORTFÖY BİRİNCİ HİSSE SENEDİ SERBEST FON (HİSSE SENEDİ YOĞUN FON),,3,0,1,2,AK PORTFÖY YÖNETİMİ A.Ş.,Yerli Hisse,2026-09-21T00:00:00.000Z,39094234,0,-63948.364429
BHF,PARDUS PORTFÖY BİRİNCİ DEĞİŞKEN FON,5,2,0.175,1,2,PARDUS PORTFÖY YÖNETİMİ A.Ş.,Kategorisiz,2026-09-21T00:00:00.000Z,165716570,0,-948481.749096
BHI,BV PORTFÖY MUTLAK GETİRİ HEDEFLİ HİSSE SENEDİ SERBEST (TL) FON (HİSSE SENEDİ YOĞUN FON),3,3.15,0,1,2,BV PORTFÖY YÖNETİMİ A.Ş.,Mutlak Getiri Hedefli,2026-09-21T00:00:00.000Z,2109666037,442,-231831793.329422
BHL,İŞ PORTFÖY BİRİNCİ HİSSE SENEDİ SERBEST FON (HİSSE SENEDİ YOĞUN FON),6,3.2,0,1,2,İŞ PORTFÖY YÖNETİMİ A.Ş.,Yerli Hisse,2026-09-21T00:00:00.000Z,66862862,742,-563655.932424
BID,QNB PORTFÖY BIST 100 DIŞI ŞİRKETLER HİSSE SENEDİ (TL) FONU (HİSSE SENEDİ YOĞUN FON),6,3,0,1,2,QNB PORTFÖY YÖNETİMİ A.Ş.,Tematik Hisse,2026-09-21T00:00:00.000Z,211121700,2132,-438661.21505
BIG,YAPI KREDİ PORTFÖY ÜÇÜNCÜ HİSSE SENEDİ FONU (HİSSE SENEDİ YOĞUN FON),6,3,0,1,2,YAPI KREDİ PORTFÖY YÖNETİMİ A.Ş.,Yerli Hisse,2026-09-21T00:00:00.000Z,471314997,1628,-763722.12942
BIH,PARDUS PORTFÖY BİRİNCİ HİSSE SENEDİ (TL) FONU (HİSSE SENEDİ YOĞUN FON),6,2,0,1,2,PARDUS PORTFÖY YÖNETİMİ A.Ş.,Yerli Hisse,2026-09-21T00:00:00.000Z,888995502,0,16801.425355
BIO,İŞ PORTFÖY SÜRDÜRÜLEBİLİRLİK HİSSE SENEDİ (TL) FONU (HİSSE SENEDİ YOĞUN FON),6,2,0,1,2,İŞ PORTFÖY YÖNETİMİ A.Ş.,Tematik Hisse,2026-09-21T00:00:00.000Z,625964187,9707,-2581342.498681
BIP,İSTANBUL PORTFÖY BİRİNCİ PARA PİYASASI SERBEST (TL) FON,2,1.5751575,0.175,0,0,İSTANBUL PORTFÖY YÖNETİMİ A.Ş.,Serbest Para Piyasası Fonları,2026-09-21T00:00:00.000Z,5440172309,213,-91253639.2544
BIS,BV PORTFÖY BİRİNCİ SERBEST FON,5,3.15,0.175,1,3,BV PORTFÖY YÖNETİMİ A.Ş.,Kategorisiz,2026-09-21T00:00:00.000Z,810345289,58,0
BIY,AZİMUT PORTFÖY BIST 100 DIŞI ŞİRKETLER HİSSE SENEDİ FONU (HİSSE SENEDİ YOĞUN FON),,3.2,0,1,2,AZİMUT PORTFÖY YÖNETİMİ A.Ş.,Tematik Hisse,2026-09-21T00:00:00.000Z,67234760,0,-2271943.029349
BJD,AZİMUT PORTFÖY 13.0 SERBEST (DÖVİZ) FON,,0.5,0.175,1,1,AZİMUT PORTFÖY YÖNETİMİ A.Ş.,Döviz Fon,2026-09-21T00:00:00.000Z,725504948,0,-1045571.499192
BKY,YAPI KREDİ PORTFÖY BİRİNCİ KATILIM SERBEST (DÖVİZ) FON,,1,0.175,1,1,YAPI KREDİ PORTFÖY YÖNETİMİ A.Ş.,Serbest Katılım Fonları,2026-09-21T00:00:00.000Z,8841457794,733,73577663.6176
BLD,DENİZ PORTFÖY BALEV EĞİTİME DESTEK SERBEST FON,2,2,0.175,1,1,DENİZ PORTFÖY YÖNETİMİ A.Ş.,Kategorisiz,2026-09-21T00:00:00.000Z,493626487,0,-395961.992194
BLT,BULLS PORTFÖY ALTIN FONU,6,1.5,0.175,1,2,BULLS PORTFÖY YÖNETİMİ A.Ş.,Altın Fonları,2026-09-18T00:00:00.000Z,366946581,3137,-6093766.74094
BMU,BULLS PORTFÖY MUTLAK GETİRİ HEDEFLİ HİSSE SENEDİ SERBEST FON (HİSSE SENEDİ YOĞUN FON),7,2,0,1,2,BULLS PORTFÖY YÖNETİMİ A.Ş.,Mutlak Getiri Hedefli,2026-09-18T00:00:00.000Z,97150417,2102,-42111550.81476
BNC,AK PORTFÖY BEŞİNCİ SERBEST FON,4,0.15,0.175,1,1,AK PORTFÖY YÖNETİMİ A.Ş.,Kategorisiz,2026-09-21T00:00:00.000Z,646942704,0,-436376.367756
BNH,İSTANBUL PORTFÖY BANKACILIK SEKTÖRÜ HİSSE SENEDİ SERBEST (TL) FON (HİSSE SENEDİ YOĞUN FON),7,2.62526,0,1,2,İSTANBUL PORTFÖY YÖNETİMİ A.Ş.,Tematik Hisse,2026-09-21T00:00:00.000Z,57368640,166,-465414.37975799997
BOL,AKTİF PORTFÖY BORÇLANMA ARAÇLARI FONU,3,1.5,0.175,1,1,AKTİF PORTFÖY YÖNETİMİ A.Ş.,Kategorisiz,2026-09-21T00:00:00.000Z,122179959,327,-1890061.8347520002
BON,A1 CAPİTAL PORTFÖY BORÇLANMA ARAÇLARI FONU,5,1.9,0.175,1,1,A1 CAPİTAL PORTFÖY YÖNETİMİ A.Ş.,Kategorisiz,2026-09-18T00:00:00.000Z,68840712,439,-7276782.62228
BOS,BULLS PORTFÖY ALTINCI HİSSE SENEDİ SERBEST FON (HİSSE SENEDİ YOĞUN FON),6,3,0,1,2,BULLS PORTFÖY YÖNETİMİ A.Ş.,Yerli Hisse,2026-09-18T00:00:00.000Z,50382120,664,-1648675.6092039999
BPZ,BULLS PORTFÖY PARA PİYASASI (TL) FONU,2,0.75,0.175,0,0,BULLS PORTFÖY YÖNETİMİ A.Ş.,Para Piyasası,2026-09-18T00:00:00.000Z,1073016049,2376,0
BRC,RE-PIE PORTFÖY BİRİNCİ İSTATİSTİKSEL ARBİTRAJ HİSSE SENEDİ SERBEST FON (HİSSE SENEDİ YOĞUN FON),6,4,0,1,2,RE-PIE PORTFÖY YÖNETİMİ A.Ş.,Serbest İstatistiksel Arbitraj Fonları,2026-09-21T00:00:00.000Z,108163068,40,-173878.085966
BRF,DENİZ PORTFÖY BİRİNCİ FON SEPETİ FONU,5,2.5,0.175,1,2,DENİZ PORTFÖY YÖNETİMİ A.Ş.,Kategorisiz,2026-09-21T00:00:00.000Z,83220611,0,-1107494.480565
BRR,AK PORTFÖY İKİNCİ KISA VADELİ BORÇLANMA ARAÇLARI (TL) FONU,1,1.5,0.175,0,0,AK PORTFÖY YÖNETİMİ A.Ş.,Kısa Vadeli,2026-09-21T00:00:00.000Z,2213202932,0,-535040709.278085
BRT,PARDUS PORTFÖY BEREKET HİSSE SENEDİ SERBEST FON (HİSSE SENEDİ YOĞUN FON),6,2,0,1,2,PARDUS PORTFÖY YÖNETİMİ A.Ş.,Yerli Hisse,2026-09-18T00:00:00.000Z,9641940,312,-131718.113714
BS1,AHLATCI PORTFÖY BİRİNCİ SERBEST (TL) FON,6,2.2,0.175,1,1,AHLATCI PORTFÖY YÖNETİMİ A.Ş.,Kategorisiz,2026-09-21T00:00:00.000Z,398947912,763,-46119801.541439995
BSD,BV PORTFÖY SERBEST (DÖVİZ) FON,,1,0.175,1,1,BV PORTFÖY YÖNETİMİ A.Ş.,Döviz Fon,2026-09-18T00:00:00.000Z,336094263,84,-2113886.343872
BSH,ATLAS PORTFÖY BANKACILIK SEKTÖRÜ HİSSE SENEDİ SERBEST FON(HİSSE SENEDİ YOĞUN FON),7,2.75,0,1,2,ATLAS PORTFÖY YÖNETİMİ A.Ş.,Tematik Hisse,2026-09-18T00:00:00.000Z,6763233,124,-94870.1655
BSM,GLOBAL MD PORTFÖY BERRAK SERBEST FON,7,2.9,0.175,1,2,GLOBAL MD PORTFÖY YÖNETİMİ A.Ş.,Kategorisiz,2026-09-21T00:00:00.000Z,1320549980,2820,-1058143263.685632
BST,PARDUS PORTFÖY BANKACILIK SEKTÖRÜ DIŞI ŞİRKETLER HİSSE SENEDİ SERBEST (TL) FON (HİSSE SENEDİ YOĞUN FON),7,1,0,1,2,PARDUS PORTFÖY YÖNETİMİ A.Ş.,Yerli Hisse,2026-09-18T00:00:00.000Z,35082678,537,-327396.94328
BTE,BV PORTFÖY OYUN VE TEKNOLOJİ DEĞİŞKEN FON,5,2.5,0.175,1,3,BV PORTFÖY YÖNETİMİ A.Ş.,Teknoloji,2026-09-21T00:00:00.000Z,213491824,985,-1447479.6680760002
BTJ,ATLAS PORTFÖY İSTATİSTİKSEL ARBİTRAJ HİSSE SENEDİ SERBEST FON(HİSSE SENEDİ YOĞUN FON),2,3,0,1,2,ATLAS PORTFÖY YÖNETİMİ A.Ş.,Serbest İstatistiksel Arbitraj Fonları,2026-09-18T00:00:00.000Z,12646345,53,-10951.319206
BTK,BV PORTFÖY TEKNOLOJİ KATILIM FONU,6,2,0.175,1,3,BV PORTFÖY YÖNETİMİ A.Ş.,Teknoloji,2026-09-21T00:00:00.000Z,280633273,2123,-36287239.19122
BTZ,ATLAS PORTFÖY BIST 30 DIŞI ŞİRKETLER HİSSE SENEDİ FONU (HİSSE SENEDİ YOĞUN FON),6,2,0,1,2,ATLAS PORTFÖY YÖNETİMİ A.Ş.,Tematik Hisse,2026-09-18T00:00:00.000Z,7038019,186,-4998.80964
BUB,BULLS PORTFÖY BİRİNCİ FON SEPETİ FONU,3,2,0.175,1,2,BULLS PORTFÖY YÖNETİMİ A.Ş.,Kategorisiz,2026-09-18T00:00:00.000Z,71353062,2089,-13647946.442602
BUV,BULLS PORTFÖY VOLTRAN SERBEST (TL) FON,6,3,0.175,1,2,BULLS PORTFÖY YÖNETİMİ A.Ş.,Kategorisiz,2026-09-18T00:00:00.000Z,9331012,204,-593224.1298400001
BUY,AK PORTFÖY BÜYÜYEN ŞİRKETLER HİSSE SENEDİ (TL) FONU (HİSSE SENEDİ YOĞUN FON),5,3.3,0,1,2,AK PORTFÖY YÖNETİMİ A.Ş.,Yerli Hisse,2026-09-21T00:00:00.000Z,287760227,8574,-381365.306945
BV1,BV PORTFÖY BİRİNCİ HİSSE SENEDİ (TL) FONU (HİSSE SENEDİ YOĞUN FON),6,2,0,1,2,BV PORTFÖY YÖNETİMİ A.Ş.,Yerli Hisse,2026-09-21T00:00:00.000Z,78918126,452,-5986582.723814
BVD,BV PORTFÖY BİRİNCİ DEĞİŞKEN FON,2,2.5,0.175,1,2,BV PORTFÖY YÖNETİMİ A.Ş.,Kategorisiz,2026-09-21T00:00:00.000Z,103191591,284,-109930406.216423
BVF,BV PORTFÖY PARA PİYASASI (TL) FON,2,0.8,0.175,0,0,BV PORTFÖY YÖNETİMİ A.Ş.,Para Piyasası,2026-09-21T00:00:00.000Z,1355356234,573,-226350806.11361098
BVK,BULLS PORTFÖY VOLTRAN KATILIM SERBEST (TL) FON,4,3,0.175,1,2,BULLS PORTFÖY YÖNETİMİ A.Ş.,Serbest Katılım Fonları,2026-09-18T00:00:00.000Z,164840,29,448.57228
BVM,ALLBATROSS PORTFÖY BİRİNCİ HİSSE SENEDİ SERBEST (TL) FON (HİSSE SENEDİ YOĞUN FON),7,0.5,0,1,2,ALLBATROSS PORTFÖY YÖNETİMİ A.Ş.,Yerli Hisse,2026-09-21T00:00:00.000Z,13236523,0,-1467.805248
BVV,BV PORTFÖY TEKNOLOJİ DEĞİŞKEN FON,6,2.5,0.175,1,3,BV PORTFÖY YÖNETİMİ A.Ş.,Teknoloji,2026-09-21T00:00:00.000Z,151512855,1087,-7218361.834705001
BVZ,BV PORTFÖY İSTATİSTİKSEL ARBİTRAJ SERBEST FON,2,4.2,0.175,1,2,BV PORTFÖY YÖNETİMİ A.Ş.,Serbest İstatistiksel Arbitraj Fonları,2026-09-21T00:00:00.000Z,3323163259,595,-19687839.728805996
CAH,A1 CAPİTAL PORTFÖY HİSSE SENEDİ SERBEST FON (HİSSE SENEDİ YOĞUN FON),6,2.9,0,1,2,A1 CAPİTAL PORTFÖY YÖNETİMİ A.Ş.,Yerli Hisse,2026-09-18T00:00:00.000Z,12804998,179,-697651.8818399999
CFO,ROTA PORTFÖY İKİNCİ PARA PİYASASI FONU,2,0.3,0.175,0,0,ROTA PORTFÖY YÖNETİMİ A.Ş.,Para Piyasası,2026-09-18T00:00:00.000Z,1767118479,410,-151667081.387099
CIN,AKTİF PORTFÖY BİRİNCİ SERBEST FON,6,2.1,0.175,1,2,AKTİF PORTFÖY YÖNETİMİ A.Ş.,Kategorisiz,2026-09-21T00:00:00.000Z,18093637,516,-157361.44736
CKF,ALBARAKA PORTFÖY ÇOKLU VARLIK KATILIM FONU,5,2.55,0.175,1,2,ALBARAKA PORTFÖY YÖNETİMİ A.Ş.,Kategorisiz,2026-09-21T00:00:00.000Z,686335354,2926,-12026142.655632
CKL,YAPI KREDİ PORTFÖY ÇOKLU VARLIK DEĞİŞKEN FON,5,2,0.175,1,2,YAPI KREDİ PORTFÖY YÖNETİMİ A.Ş.,Kategorisiz,2026-09-21T00:00:00.000Z,790068130,903,-23492748.006136
CKS,İŞ PORTFÖY BİRİNCİ KATILIM SERBEST (DÖVİZ) FON,,0.6,0.175,1,3,İŞ PORTFÖY YÖNETİMİ A.Ş.,Serbest Katılım Fonları,2026-09-21T00:00:00.000Z,5829336573,2385,-10566630.044607
CPT,ROTA PORTFÖY ÇİP TEKNOLOJİLERİ DEĞİŞKEN FON,6,2.5,0.175,1,3,ROTA PORTFÖY YÖNETİMİ A.Ş.,Teknoloji,2026-09-18T00:00:00.000Z,866046465,13642,-21307273.284225
CPU,AKTİF PORTFÖY TEKNOLOJİ KATILIM FONU,5,2,0.175,1,2,AKTİF PORTFÖY YÖNETİMİ A.Ş.,Teknoloji,2026-09-21T00:00:00.000Z,1232485055,17735,-40555109.96366
CVK,INVEO PORTFÖY ÇOKLU VARLIK KATILIM FONU,3,1.75,0.175,1,2,INVEO PORTFÖY YÖNETİMİ A.Ş.,Kategorisiz,2026-09-21T00:00:00.000Z,167999547,1857,-7547120.5756
CVL,A1 CAPİTAL PORTFÖY ÇOKLU VARLIK KATILIM FONU,4,2.25,0.175,1,2,A1 CAPİTAL PORTFÖY YÖNETİMİ A.Ş.,Kategorisiz,2026-09-18T00:00:00.000Z,136506221,2144,-35047649.764675
DA1,A1 CAPİTAL PORTFÖY SERBEST (DÖVİZ) FON,5,1,0.175,1,2,A1 CAPİTAL PORTFÖY YÖNETİMİ A.Ş.,Döviz Fon,2026-09-18T00:00:00.000Z,5095874,35,0
DAH,DENİZ PORTFÖY HİSSE SENEDİ FONU (HİSSE SENEDİ YOĞUN FON),6,2.92,0,1,2,DENİZ PORTFÖY YÖNETİMİ A.Ş.,Yerli Hisse,2026-09-21T00:00:00.000Z,557478143,3,492660.14759999997
DAP,DESTEK PORTFÖY PARA PİYASASI FONU,2,0.2625,,0,0,DESTEK PORTFÖY YÖNETİMİ A.Ş.,Para Piyasası,2026-09-18T00:00:00.000Z,493836291,781,-458509206.056975
DAS,DENİZ PORTFÖY ONİKİNCİ SERBEST (DÖVİZ) FON,5,0.8,0.175,1,1,DENİZ PORTFÖY YÖNETİMİ A.Ş.,Döviz Fon,2026-09-21T00:00:00.000Z,111373756984,20,-2113171178.300532
DBA,DENİZ PORTFÖY ALTIN FONU,6,2,0.175,1,1,DENİZ PORTFÖY YÖNETİMİ A.Ş.,Altın Fonları,2026-09-21T00:00:00.000Z,9797330369,22,-21019514.5275
DBB,DENİZ PORTFÖY BORÇLANMA ARAÇLARI FONU,3,2,0.175,1,1,DENİZ PORTFÖY YÖNETİMİ A.Ş.,Kategorisiz,2026-09-21T00:00:00.000Z,338704931,1,-13789090.808464
DBH,DENİZ PORTFÖY EUROBOND (DÖVİZ) BORÇLANMA ARAÇLARI FONU,6,1.75,0.175,1,3,DENİZ PORTFÖY YÖNETİMİ A.Ş.,Döviz Fon,2026-09-21T00:00:00.000Z,965780532,19,-774461.0642
DBK,DENİZ PORTFÖY KISA VADELİ BORÇLANMA ARAÇLARI (TL) FONU,1,2.4,0.175,0,0,DENİZ PORTFÖY YÖNETİMİ A.Ş.,Kısa Vadeli,2026-09-21T00:00:00.000Z,1089458588,89,-74805920.478
DBP,DENİZ PORTFÖY BİRİNCİ  DEĞİŞKEN FON,5,2,0.175,1,1,DENİZ PORTFÖY YÖNETİMİ A.Ş.,Kategorisiz,2026-09-21T00:00:00.000Z,161948617,1,-824980.9245000001
DBZ,DENİZ PORTFÖY ÖZEL SEKTÖR BORÇLANMA ARAÇLARI FONU,2,2,0.175,1,1,DENİZ PORTFÖY YÖNETİMİ A.Ş.,Borçlanma Araçları - Özel Sektör,2026-09-21T00:00:00.000Z,673279197,1,-2990107.7895
DCB,DENİZ PORTFÖY PARA PİYASASI SERBEST (TL) FON,2,1.05,0.175,0,0,DENİZ PORTFÖY YÖNETİMİ A.Ş.,Serbest Para Piyasası Fonları,2026-09-21T00:00:00.000Z,132978443944,3,-1141746934.566592
DDA,DENİZ PORTFÖY BANKACILIK SEKTÖRÜ HİSSE SENEDİ SERBEST FON (HİSSE SENEDİ YOĞUN FON),7,2,0,1,2,DENİZ PORTFÖY YÖNETİMİ A.Ş.,Tematik Hisse,2026-09-21T00:00:00.000Z,312616274,114,-322464.68955400004
DDF,DENİZ PORTFÖY DİNAMO HİSSE SENEDİ SERBEST (TL) FON (HİSSE SENEDİ YOĞUN FON),6,0.6,0,1,2,DENİZ PORTFÖY YÖNETİMİ A.Ş.,Yerli Hisse,2026-09-21T00:00:00.000Z,80166939,41,-4713380.864636
DEF,ALLBATROSS PORTFÖY DEFNE SERBEST FON,5,2.25,0.175,1,2,ALLBATROSS PORTFÖY YÖNETİMİ A.Ş.,Kategorisiz,2026-09-21T00:00:00.000Z,39722123,0,-2.699973
DEH,DESTEK PORTFÖY HİSSE SENEDİ FONU (HİSSE SENEDİ YOĞUN FON),6,2.8875,0,1,2,DESTEK PORTFÖY YÖNETİMİ A.Ş.,Yerli Hisse,2026-09-18T00:00:00.000Z,18420179,211,-3180554.596684
DFC,DENİZ PORTFÖY TARIM VE GIDA DEĞİŞKEN FON,6,2.5,0.175,1,2,DENİZ PORTFÖY YÖNETİMİ A.Ş.,Tarım - Gıda,2026-09-21T00:00:00.000Z,110560269,3,-119909.59064
DFD,DENİZ PORTFÖY EMTİA SERBEST FON,6,2.5,0.175,1,3,DENİZ PORTFÖY YÖNETİMİ A.Ş.,Emtia Fonları,2026-09-21T00:00:00.000Z,145515026,175,-237517.164756
DFI,ATLAS PORTFÖY SERBEST FON,7,2,0.175,1,24,ATLAS PORTFÖY YÖNETİMİ A.Ş.,Kategorisiz,2026-09-18T00:00:00.000Z,10613074147,47638,-11429398146.565153
DGF,A1 CAPİTAL PORTFÖY DEĞİŞKEN FON,5,1.9,0.175,1,2,A1 CAPİTAL PORTFÖY YÖNETİMİ A.Ş.,Kategorisiz,2026-09-18T00:00:00.000Z,49594148,524,-8176331.20725
DGH,ATA PORTFÖY PARA PİYASASI SERBEST (TL) FON,1,0.95,0.175,0,0,ATA PORTFÖY YÖNETİMİ A.Ş.,Serbest Para Piyasası Fonları,2026-09-18T00:00:00.000Z,2347668356,232,-512814308.61914396
DHJ,DENİZ PORTFÖY TEKNOLOJİ ŞİRKETLERİ HİSSE SENEDİ FONU (HİSSE SENEDİ YOĞUN FON),7,2.75,0,1,2,DENİZ PORTFÖY YÖNETİMİ A.Ş.,Tematik Hisse,2026-09-21T00:00:00.000Z,178422096,7,339187.153445
DHM,DENİZ PORTFÖY ESG SÜRDÜRÜLEBİLİRLİK FON SEPETİ FONU,6,2,0.175,1,2,DENİZ PORTFÖY YÖNETİMİ A.Ş.,Sürdürülebilirlik,2026-09-21T00:00:00.000Z,24717916,4,-183234.395847
DHT,DENİZ PORTFÖY HAVACILIK VE SAVUNMA TEKNOLOJİLERİ DEĞİŞKEN FON,6,2,0.175,1,2,DENİZ PORTFÖY YÖNETİMİ A.Ş.,Teknoloji,2026-09-18T00:00:00.000Z,67890891,744,-231142.389496
DHV,DENİZ PORTFÖY BİRİNCİ HİSSE SENEDİ SERBEST (TL) FON (HİSSE SENEDİ YOĞUN FON),7,1,0,1,2,DENİZ PORTFÖY YÖNETİMİ A.Ş.,Yerli Hisse,2026-09-21T00:00:00.000Z,301719145,0,-3015153.637087
DID,DENİZ PORTFÖY İKİNCİ DEĞİŞKEN FON,5,1.95,0.175,1,2,DENİZ PORTFÖY YÖNETİMİ A.Ş.,Kategorisiz,2026-09-21T00:00:00.000Z,27895741,0,0
DIP,DENİZ PORTFÖY İKİNCİ PARA PİYASASI SERBEST (TL) FON,2,0.39,0.175,0,0,DENİZ PORTFÖY YÖNETİMİ A.Ş.,Serbest Para Piyasası Fonları,2026-09-21T00:00:00.000Z,55214410292,0,1777711065.818784
DKC,DENİZ PORTFÖY İKİNCİ SERBEST FON,6,1,0.175,1,2,DENİZ PORTFÖY YÖNETİMİ A.Ş.,Kategorisiz,2026-09-21T00:00:00.000Z,10813411,0,-20571.154074
DKH,DENİZ PORTFÖY KATILIM HİSSE SENEDİ (TL) FONU (HİSSE SENEDİ YOĞUN FON),5,2.75,0,1,2,DENİZ PORTFÖY YÖNETİMİ A.Ş.,Yerli Hisse,2026-09-21T00:00:00.000Z,83673217,1,-4549241.66345
DKL,DENİZ PORTFÖY BİRİNCİ KATILIM SERBEST (DÖVİZ) FON,3,0.3,0.175,1,2,DENİZ PORTFÖY YÖNETİMİ A.Ş.,Serbest Katılım Fonları,2026-09-21T00:00:00.000Z,408442497,0,2126854.703884
DKR,DENİZ PORTFÖY ONDÖRDÜNCÜ SERBEST FON,7,2.92,0.175,1,2,DENİZ PORTFÖY YÖNETİMİ A.Ş.,Kategorisiz,2026-09-21T00:00:00.000Z,118841103,0,-4689371.434845
DL2,DENİZ PORTFÖY İKİNCİ PARA PİYASASI (TL) FONU,1,0.49,0.175,0,0,DENİZ PORTFÖY YÖNETİMİ A.Ş.,Para Piyasası,2026-09-21T00:00:00.000Z,7037031948,0,-262462275.39646497
DLD,DENİZ PORTFÖY SÜRDÜRÜLEBİLİRLİK HİSSE SENEDİ FONU (HİSSE SENEDİ YOĞUN FON),6,2,0,1,2,DENİZ PORTFÖY YÖNETİMİ A.Ş.,Tematik Hisse,2026-09-21T00:00:00.000Z,62673751,808,-518174.482366
DLY,DENİZ PORTFÖY PARA PİYASASI (TL) FONU,1,1.45,0.175,0,0,DENİZ PORTFÖY YÖNETİMİ A.Ş.,Para Piyasası,2026-09-21T00:00:00.000Z,60452188585,274,-1534793691.677545
DLZ,DENİZ PORTFÖY ALİZE HİSSE SENEDİ SERBEST (TL) FON (HİSSE SENEDİ YOĞUN FON),7,1,0,1,2,DENİZ PORTFÖY YÖNETİMİ A.Ş.,Yerli Hisse,2026-09-18T00:00:00.000Z,27845162,44,-69345.999684
DMG,DENİZ PORTFÖY GÜMÜŞ FON SEPETİ FONU,7,2,0.175,1,2,DENİZ PORTFÖY YÖNETİMİ A.Ş.,Gümüş Fonları,2026-09-21T00:00:00.000Z,3006248638,8,-39399025.163288
DNF,A1 CAPİTAL PORTFÖY DİNAMİK FON SEPETİ FONU,4,1.95,0.175,1,2,A1 CAPİTAL PORTFÖY YÖNETİMİ A.Ş.,Kategorisiz,2026-09-18T00:00:00.000Z,243893899,200,-629043.65173
DNH,DENİZ PORTFÖY İNŞAAT SEKTÖRÜ HİSSE SENEDİ SERBEST (TL) FON (HİSSE SENEDİ YOĞUN FON),6,2.95,0,1,2,DENİZ PORTFÖY YÖNETİMİ A.Ş.,Tematik Hisse,2026-09-21T00:00:00.000Z,15932734,0,-93004.322806
DNK,TACİRLER PORTFÖY DENGE KATILIM SERBEST FON,6,1,0.175,1,2,TACİRLER PORTFÖY YÖNETİMİ A.Ş.,Serbest Katılım Fonları,2026-09-21T00:00:00.000Z,607281754,0,-115426.13067599999
DNM,QNB PORTFÖY DİNAMİK DAĞILIMLI SERBEST (DÖVİZ) FON,,1.5,0.175,1,2,QNB PORTFÖY YÖNETİMİ A.Ş.,Döviz Fon,2026-09-21T00:00:00.000Z,1471558737,1065,-1883106.105397
DNP,DENİZ PORTFÖY PARA PİYASASI KATILIM SERBEST (TL) FON,2,0.5,0.175,0,0,DENİZ PORTFÖY YÖNETİMİ A.Ş.,Serbest Katılım Fonları,2026-09-21T00:00:00.000Z,1506914176,0,35934141.342523
DOH,TERA PORTFÖY DÖRDÜNCÜ HİSSE SENEDİ SERBEST (TL) FON (HİSSE SENEDİ YOĞUN FON),6,3.25,0,1,2,TERA PORTFÖY YÖNETİMİ A.Ş.,Yerli Hisse,2026-09-21T00:00:00.000Z,11630369358,43374,0
DOL,AKTİF PORTFÖY ÜÇÜNCÜ AKTİF SERBEST (DÖVİZ) FON,,0.79,0.175,1,1,AKTİF PORTFÖY YÖNETİMİ A.Ş.,Döviz Fon,2026-09-21T00:00:00.000Z,5615281055,377,-14924710.948594
DOV,DENİZ PORTFÖY ONÜÇÜNCÜ SERBEST (DÖVİZ-AVRO) FON,6,0.6,0.175,1,1,DENİZ PORTFÖY YÖNETİMİ A.Ş.,Döviz Fon,2026-09-21T00:00:00.000Z,70595730973,9,-2279669836.028365
DPB,DENİZ PORTFÖY SERBEST (DÖVİZ) FON,6,1.25,0.175,1,3,DENİZ PORTFÖY YÖNETİMİ A.Ş.,Döviz Fon,2026-09-21T00:00:00.000Z,9026369552,879,-106167199.15275
DPI,DENİZ PORTFÖY İSTATİSTİKSEL ARBİTRAJ HİSSE SENEDİ SERBEST FON (HİSSE SENEDİ YOĞUN FON),2,3.25,0,1,2,DENİZ PORTFÖY YÖNETİMİ A.Ş.,Serbest İstatistiksel Arbitraj Fonları,2026-09-21T00:00:00.000Z,340280064,127,790038.9410599999
DPK,DENİZ PORTFÖY KİRA SERTİFİKALARI KATILIM (TL) FONU,1,1.5,0.175,1,1,DENİZ PORTFÖY YÖNETİMİ A.Ş.,Kira Sertifikaları,2026-09-21T00:00:00.000Z,941440654,729,2037857.184253
DPT,DENİZ PORTFÖY BIST TEMETTÜ 25 ENDEKSİ HİSSE SENEDİ FONU (HİSSE SENEDİ YOĞUN FON),6,1.9,0,1,2,DENİZ PORTFÖY YÖNETİMİ A.Ş.,Tematik Hisse,2026-09-21T00:00:00.000Z,323670584,6,-442863.40232399997
DRA,NEO PORTFÖY DORA SERBEST FON,7,3,0.175,1,2,NEO PORTFÖY YÖNETİMİ A.Ş.,Kategorisiz,2026-09-21T00:00:00.000Z,38822302,0,-988.5526140000001
DRT,DENİZ PORTFÖY ROBOTİK TEKNOLOJİLERİ DEĞİŞKEN FON,5,2,0.175,1,2,DENİZ PORTFÖY YÖNETİMİ A.Ş.,Teknoloji,2026-09-21T00:00:00.000Z,26834311,0,-727937.441926
DSD,DENİZ PORTFÖY İKİNCİ SERBEST (DÖVİZ-AVRO) FON,6,1,0.175,1,2,DENİZ PORTFÖY YÖNETİMİ A.Ş.,Döviz Fon,2026-09-21T00:00:00.000Z,3775255238,214,-59197289.426337995
DSP,DENİZ PORTFÖY DENGELİ FON SEPETİ FONU,3,1.9,0.175,1,3,DENİZ PORTFÖY YÖNETİMİ A.Ş.,Kategorisiz,2026-09-21T00:00:00.000Z,146201502,1,9684.935424
DTH,EMAA BLUE PORTFÖY DÖNÜŞÜM TEKNOLOJİLERİ HİSSE SENEDİ (TL) FONU (HİSSE SENEDİ YOĞUN FON),6,2.4,0,1,2,EMAA BLUE PORTFÖY YÖNETİMİ A.Ş.,Tematik Hisse,2026-09-21T00:00:00.000Z,190953088,205,-155017.211338
DTL,DENİZ PORTFÖY BIST 100 DIŞI ŞİRKETLER HİSSE SENEDİ (TL) FONU (HİSSE SENEDİ YOĞUN FON),6,2.75,0,1,2,DENİZ PORTFÖY YÖNETİMİ A.Ş.,Tematik Hisse,2026-09-21T00:00:00.000Z,141061266,3,-1278774.369348
DTM,DENİZ PORTFÖY TEMETTÜ ÖDEYEN ŞİRKETLER DEĞİŞKEN FON,6,2,0.175,1,2,DENİZ PORTFÖY YÖNETİMİ A.Ş.,Kar Payı Ödeyen Fonlar,2026-09-21T00:00:00.000Z,60032080,0,-805092.078726
DTZ,AK PORTFÖY ROBOTİK TEKNOLOJİLER DEĞİŞKEN FON,6,2.9,0.175,1,3,AK PORTFÖY YÖNETİMİ A.Ş.,Teknoloji,2026-09-21T00:00:00.000Z,574246401,5257,-1031440.344888
DUD,DENİZ PORTFÖY UZUN VADELİ SERBEST (DÖVİZ) FON,6,1,0.175,1,2,DENİZ PORTFÖY YÖNETİMİ A.Ş.,Döviz Fon,2026-09-21T00:00:00.000Z,407860068,0,310133.71252500004
DUH,HEDEF PORTFÖY UFUK HİSSE SENEDİ SERBEST FON (HİSSE SENEDİ YOĞUN FON),6,3,0,1,2,HEDEF PORTFÖY YÖNETİMİ A.Ş.,Yerli Hisse,2026-09-18T00:00:00.000Z,118729767,407,-11471926.467265
DUV,DENİZ PORTFÖY UZUN VADELİ BORÇLANMA ARAÇLARI FONU,5,2,0.175,1,1,DENİZ PORTFÖY YÖNETİMİ A.Ş.,Uzun Vadeli Borçlanma Araçları,2026-09-21T00:00:00.000Z,56006201,0,-262185.290433
DVS,DENİZ PORTFÖY KISA VADELİ SERBEST (TL) FON,2,1,0.175,0,0,DENİZ PORTFÖY YÖNETİMİ A.Ş.,Kısa Vadeli,2026-09-21T00:00:00.000Z,4800590930,0,93168952.75214
DVT,DENİZ PORTFÖY METAVERSE VE DİGİTAL YAŞAM TEKNOLOJİLERİ DEĞİŞKEN FON,6,2,0.175,1,3,DENİZ PORTFÖY YÖNETİMİ A.Ş.,Teknoloji,2026-09-21T00:00:00.000Z,877440799,32,-5158135.109879999
DXP,DENİZ PORTFÖY İHRACATÇI ŞİRKETLER HİSSE SENEDİ FONU (HİSSE SENEDİ YOĞUN FONU),6,2.9,0,1,2,DENİZ PORTFÖY YÖNETİMİ A.Ş.,Yerli Hisse,2026-09-21T00:00:00.000Z,43879580,2,26866.76194
DYN,DENİZ PORTFÖY ELEKTRİKLİ VE OTONOM ARAÇ TEKNOLOJİLERİ DEĞİŞKEN  FON,6,2.5,0.175,1,2,DENİZ PORTFÖY YÖNETİMİ A.Ş.,Teknoloji,2026-09-21T00:00:00.000Z,55695885,3,-117829.11197499999
DZE,DENİZ PORTFÖY BIST 100 ENDEKSİ HİSSE SENEDİ FONU (HİSSE SENEDİ YOĞUN FON),6,1.9,0,1,2,DENİZ PORTFÖY YÖNETİMİ A.Ş.,Tematik Hisse,2026-09-21T00:00:00.000Z,187091867,3,719074.2683
DZM,DENİZ PORTFÖY BEŞİNCİ SERBEST (DÖVİZ) FON,5,1.5,0.175,1,3,DENİZ PORTFÖY YÖNETİMİ A.Ş.,Döviz Fon,2026-09-21T00:00:00.000Z,10612836085,2,-146425618.769542
EBD,GLOBAL MD PORTFÖY İKİNCİ DEĞİŞKEN FON,,1.94,0.175,1,2,GLOBAL MD PORTFÖY YÖNETİMİ A.Ş.,Kategorisiz,2026-09-21T00:00:00.000Z,77193155,557,-1474361.146622
EBI,EMAA BLUE PORTFÖY İKİNCİ SERBEST (DÖVİZ-AVRO) FON,,0.65,0.175,1,3,EMAA BLUE PORTFÖY YÖNETİMİ A.Ş.,Döviz Fon,2026-09-21T00:00:00.000Z,805871742,24,-554505.386569
EBS,EMAA BLUE PORTFÖY BİRİNCİ SERBEST (DÖVİZ- ABD DOLARI) FON,,0.95,0.175,1,3,EMAA BLUE PORTFÖY YÖNETİMİ A.Ş.,Döviz Fon,2026-09-21T00:00:00.000Z,4722220446,33,-174694.959033
EC2,GLOBAL MD PORTFÖY BİRİNCİ HİSSE SENEDİ FONU (HİSSE SENEDİ YOĞUN FON),,2.74,0,1,2,GLOBAL MD PORTFÖY YÖNETİMİ A.Ş.,Yerli Hisse,2026-09-21T00:00:00.000Z,51600837,1820,-6548547.709505999
ECA,GLOBAL MD PORTFÖY BİRİNCİ DEĞİŞKEN FON,6,1.94,0.175,1,2,GLOBAL MD PORTFÖY YÖNETİMİ A.Ş.,Kategorisiz,2026-09-21T00:00:00.000Z,394093391,1191,-19751361.005538
EDN,EMAA BLUE PORTFÖY DENGELİ DEĞİŞKEN FON,4,2.4,,1,2,EMAA BLUE PORTFÖY YÖNETİMİ A.Ş.,Kategorisiz,2026-09-21T00:00:00.000Z,283758178,35,-75964.202406
EDP,NEO PORTFÖY KORUNCUK EĞİTİME DESTEK PARA PİYASASI SERBEST FON,2,2,0.175,0,0,NEO PORTFÖY YÖNETİMİ A.Ş.,Serbest Para Piyasası Fonları,2026-09-21T00:00:00.000Z,212723920,0,-2732530.094528
EDT,DENİZ PORTFÖY TED EĞİTİME DESTEK SERBEST FON,2,2,0.175,1,1,DENİZ PORTFÖY YÖNETİMİ A.Ş.,Kategorisiz,2026-09-21T00:00:00.000Z,968689079,0,-7089010.288035
EDU,İŞ PORTFÖY TEV EĞİTİME DESTEK DEĞİŞKEN FON,3,2,0.175,1,2,İŞ PORTFÖY YÖNETİMİ A.Ş.,Kategorisiz,2026-09-21T00:00:00.000Z,373817407,695,3024.081333
EGR,EMAA BLUE PORTFÖY AGRESİF DEĞİŞKEN FON,6,2.4,,1,2,EMAA BLUE PORTFÖY YÖNETİMİ A.Ş.,Kategorisiz,2026-09-21T00:00:00.000Z,268759903,117,-1376334.42624
EIB,ASTRA PORTFÖY DEĞİŞKEN FON,3,2.089625,0.175,1,1,ASTRA PORTFÖY YÖNETİMİ A.Ş.,Kategorisiz,2026-09-21T00:00:00.000Z,307634769,451,-1184251.0847399998
EID,ASTRA PORTFÖY HİSSE SENEDİ FONU (HİSSE SENEDİ YOĞUN FON),6,3,0,1,2,ASTRA PORTFÖY YÖNETİMİ A.Ş.,Yerli Hisse,2026-09-21T00:00:00.000Z,86737424,2259,-1347391.838548
EIL,ASTRA PORTFÖY PARA PİYASASI (TL) FONU,2,0.79935,0.175,0,0,ASTRA PORTFÖY YÖNETİMİ A.Ş.,Para Piyasası,2026-09-21T00:00:00.000Z,763706839,2016,-41435949.6222
EKF,ASTRA PORTFÖY KİRA SERTİFİKASI KATILIM (TL) FONU,3,1.25195,0.175,1,1,ASTRA PORTFÖY YÖNETİMİ A.Ş.,Kira Sertifikaları,2026-09-21T00:00:00.000Z,1123132536,5367,-34273114.11976
ELZ,ASTRA PORTFÖY KATILIM HİSSE SENEDİ FONU (HİSSE SENEDİ YOĞUN FON),,3,0,1,2,ASTRA PORTFÖY YÖNETİMİ A.Ş.,Yerli Hisse,2026-09-21T00:00:00.000Z,236233012,796,-49739.268464
EML,AK PORTFÖY EMLAK SEKTÖRÜ DEĞİŞKEN FON,4,2.75,0.175,1,3,AK PORTFÖY YÖNETİMİ A.Ş.,Tematik,2026-09-21T00:00:00.000Z,39271271,0,-1872201.1982999998
ENJ,AKTİF PORTFÖY ENERJİ ŞİRKETLERİ HİSSE SENEDİ (TL) FONU (HİSSE SENEDİ YOĞUN FON),6,2.85,0,1,2,AKTİF PORTFÖY YÖNETİMİ A.Ş.,Yerli Hisse,2026-09-21T00:00:00.000Z,61020319,646,-100970.99644
EP1,EMLAK KATILIM PORTFÖY PARA PİYASASI KATILIM (TL) FONU,1,1.25,0.175,0,0,EMLAK KATILIM PORTFÖY YÖNETİMİ A.Ş.,Para Piyasası,2026-09-21T00:00:00.000Z,13035095494,2162,102016946.88280399
EPA,EMAA BLUE PORTFÖY PARA PİYASASI KATILIM (TL) FONU,1,0.9,0.175,0,0,EMAA BLUE PORTFÖY YÖNETİMİ A.Ş.,Para Piyasası,2026-09-21T00:00:00.000Z,605970765,151,-11089769.66398
EPI,EMAA BLUE PORTFÖY İNŞAAT SEKTÖRÜ KATILIM FONU,5,2.4,0.175,1,2,EMAA BLUE PORTFÖY YÖNETİMİ A.Ş.,Tematik,2026-09-21T00:00:00.000Z,261274723,320,-3129.72712
EPK,EMAA BLUE PORTFÖY KIYMETLİ MADENLER KATILIM FON SEPETİ FONU,6,1.95,0.175,1,2,EMAA BLUE PORTFÖY YÖNETİMİ A.Ş.,Kategorisiz,2026-09-21T00:00:00.000Z,219999483,1427,-12417479.562733
EPP,EMAA BLUE PORTFÖY PARA PİYASASI SERBEST FON,2,0.6,0.175,0,0,EMAA BLUE PORTFÖY YÖNETİMİ A.Ş.,Serbest Para Piyasası Fonları,2026-09-21T00:00:00.000Z,1882022925,55,-18420291.006572
EPT,EMAA BLUE PORTFÖY PARA PİYASASI (TL) FONU,1,0.7,0.175,0,0,EMAA BLUE PORTFÖY YÖNETİMİ A.Ş.,Para Piyasası,2026-09-21T00:00:00.000Z,1304495134,68,-35743402.212215
ESG,AKTİF PORTFÖY ESG SÜRDÜRÜLEBİLİRLİK SERBEST FON,6,2.1,0.175,1,2,AKTİF PORTFÖY YÖNETİMİ A.Ş.,Sürdürülebilirlik,2026-09-21T00:00:00.000Z,11246961,78,0
ESP,AURA PORTFÖY EMTİA SERBEST FON,7,2,0.175,1,3,AURA PORTFÖY YÖNETİMİ A.Ş.,Emtia Fonları,2026-09-21T00:00:00.000Z,17302159,0,-2746.436
ETN,EMAA BLUE PORTFÖY TEMKİNLİ DEĞİŞKEN FON,2,2.4,,1,1,EMAA BLUE PORTFÖY YÖNETİMİ A.Ş.,Kategorisiz,2026-09-21T00:00:00.000Z,226767624,19,-115.375456
EUN,GARANTİ PORTFÖY İKİNCİ SERBEST (DÖVİZ-AVRO) FON,,0.8,0.175,1,2,GARANTİ PORTFÖY YÖNETİMİ A.Ş.,Döviz Fon,2026-09-21T00:00:00.000Z,5787542089,2767,-101328247.79608199
EUZ,GARANTİ PORTFÖY SERBEST (DÖVİZ-AVRO) FON,,0.6,0.175,1,1,GARANTİ PORTFÖY YÖNETİMİ A.Ş.,Döviz Fon,2026-09-21T00:00:00.000Z,145783853160,37092,-781777651.224605
EVL,EMAA BLUE PORTFÖY ÇOKLU VARLIK KATILIM FONU,5,1.95,,1,2,EMAA BLUE PORTFÖY YÖNETİMİ A.Ş.,Kategorisiz,2026-09-21T00:00:00.000Z,40123998,7,15038634.662750999
EVM,DENİZ PORTFÖY ENERJİ VE MADENCİLİK SEKTÖRÜ DEĞİŞKEN FON,6,2,0.175,1,2,DENİZ PORTFÖY YÖNETİMİ A.Ş.,Tematik,2026-09-21T00:00:00.000Z,58969723,0,-1240964.832264
EYT,AKTİF PORTFÖY İKİNCİ FON SEPETİ FONU,3,1,0.175,1,2,AKTİF PORTFÖY YÖNETİMİ A.Ş.,Kategorisiz,2026-09-21T00:00:00.000Z,40837789,469,0
FAK,FONMAP PORTFÖY ALTIN KATILIM FONU,6,1.2,0.175,1,1,FONMAP PORTFÖY YÖNETİMİ A.Ş.,Altın Fonları,2026-09-21T00:00:00.000Z,19995792,0,-169413.58881
FAL,ONE PORTFÖY ALTIN FONU,6,2,0.175,1,1,ONE PORTFÖY YÖNETİMİ A.Ş.,Altın Fonları,2026-09-18T00:00:00.000Z,323272203,583,-129519.87976200001
FBC,ONE PORTFÖY KAR PAYI ÖDEYEN KATILIM FONU,6,2.5,0.175,1,2,ONE PORTFÖY YÖNETİMİ A.Ş.,Kar Payı Ödeyen Fonlar,2026-09-18T00:00:00.000Z,175565481,5652,-368101.63977
FBI,FİBA PORTFÖY BİRİNCİ SERBEST (DÖVİZ) FON,,1.06,0.175,1,1,FİBA PORTFÖY YÖNETİMİ A.Ş.,Döviz Fon,2026-09-21T00:00:00.000Z,16788333834,5130,-56580697.088279
FBV,İŞ PORTFÖY MODEL SERBEST FON,6,2.25,0.175,1,3,İŞ PORTFÖY YÖNETİMİ A.Ş.,Kategorisiz,2026-09-21T00:00:00.000Z,624934130,1854,-1570842.990612
FBZ,FİBA PORTFÖY TEKNOLOJİ SERBEST FON,6,2.55,0.175,1,3,FİBA PORTFÖY YÖNETİMİ A.Ş.,Teknoloji,2026-09-21T00:00:00.000Z,278357343,424,-21042699.426149
FCK,ONE PORTFÖY ÇOKLU VARLIK KATILIM FONU,5,1.5,0.175,1,2,ONE PORTFÖY YÖNETİMİ A.Ş.,Kategorisiz,2026-09-18T00:00:00.000Z,425155432,531,-75040.283472
FD1,ONE PORTFÖY BİRİNCİ DEĞİŞKEN FON,4,2.5,0.175,1,2,ONE PORTFÖY YÖNETİMİ A.Ş.,Kategorisiz,2026-09-18T00:00:00.000Z,13140173,136,-4683991.433121
FDG,FONMAP PORTFÖY BİRİNCİ DEĞİŞKEN FON,4,1.5,0.175,1,2,FONMAP PORTFÖY YÖNETİMİ A.Ş.,Kategorisiz,2026-09-21T00:00:00.000Z,48405311,0,867229.833888
FDV,AZİMUT PORTFÖY DMR SERBEST FON,4,1.05,0.175,1,2,AZİMUT PORTFÖY YÖNETİMİ A.Ş.,Kategorisiz,2026-09-21T00:00:00.000Z,1469236833,0,0
FFH,QNB PORTFÖY ÇOKLU VARLIK KATILIM FONU,4,1.95,0.175,1,2,QNB PORTFÖY YÖNETİMİ A.Ş.,Kategorisiz,2026-09-21T00:00:00.000Z,1733652881,2032,-30139687.797976002
FFP,QNB PORTFÖY FON SEPETİ FONU,4,1,0.175,1,2,QNB PORTFÖY YÖNETİMİ A.Ş.,Kategorisiz,2026-09-21T00:00:00.000Z,1953992751,2537,-14942917.000638
FI3,QNB PORTFÖY BORÇLANMA ARAÇLARI FONU,4,1.7885,0.175,1,1,QNB PORTFÖY YÖNETİMİ A.Ş.,Kategorisiz,2026-09-21T00:00:00.000Z,1873182995,9763,-45413567.449984
FIB,FİBA PORTFÖY ALTIN FONU,6,1.5,0.175,1,1,FİBA PORTFÖY YÖNETİMİ A.Ş.,Altın Fonları,2026-09-21T00:00:00.000Z,4957533720,12864,-30388627.86954
FID,FİBA PORTFÖY ÇOKLU VARLIK İKİNCİ DEĞİŞKEN FON,6,2.92,0.175,1,1,FİBA PORTFÖY YÖNETİMİ A.Ş.,Kategorisiz,2026-09-21T00:00:00.000Z,857352635,1732,-967434.298434
FIL,FİBA PORTFÖY PARA PİYASASI (TL) FONU,1,1.2,0.175,0,0,FİBA PORTFÖY YÖNETİMİ A.Ş.,Para Piyasası,2026-09-21T00:00:00.000Z,16433961274,18934,-537345838.0320001
FIT,FİBA PORTFÖY BORÇLANMA ARAÇLARI (TL) FONU,4,1.95,0.175,1,1,FİBA PORTFÖY YÖNETİMİ A.Ş.,Kategorisiz,2026-09-21T00:00:00.000Z,274490635,568,-1586059.6870000002
FJB,FİBA PORTFÖY BLOK ZİNCİRİ TEKNOLOJİLERİ SERBEST FON,6,2.92,0.175,1,3,FİBA PORTFÖY YÖNETİMİ A.Ş.,Teknoloji,2026-09-21T00:00:00.000Z,345960542,126,-31189360.96774
FJZ,FİBA PORTFÖY FIRTINA SERBEST (DÖVİZ) FON,,0.75,0.175,1,3,FİBA PORTFÖY YÖNETİMİ A.Ş.,Döviz Fon,2026-09-21T00:00:00.000Z,1415321260,845,-17132726.474067
FKE,QNB PORTFÖY KRİSTAL SERBEST (DÖVİZ-AVRO) FON,,0.65,0.175,1,1,QNB PORTFÖY YÖNETİMİ A.Ş.,Döviz Fon,2026-09-21T00:00:00.000Z,48807943216,12231,35074556.7854
FLS,YAPI KREDİ PORTFÖY FLORYA SERBEST (DÖVİZ-AVRO) FON,,1,0.175,1,2,YAPI KREDİ PORTFÖY YÖNETİMİ A.Ş.,Döviz Fon,2026-09-21T00:00:00.000Z,4152688465,1276,-35267110.084667996
FLY,AKTİF PORTFÖY HAVACILIK VE SAVUNMA TEKNOLOJİLERİ DEĞİŞKEN FON,5,2,0.175,1,3,AKTİF PORTFÖY YÖNETİMİ A.Ş.,Teknoloji,2026-09-21T00:00:00.000Z,93768736,2129,-1185055.5574
FMG,QNB PORTFÖY GÜMÜŞ SERBEST FON,6,2,0.175,1,2,QNB PORTFÖY YÖNETİMİ A.Ş.,Gümüş Fonları,2026-09-21T00:00:00.000Z,12176129957,11482,-25370406.904535
FMV,DENİZ PORTFÖY FMV IŞIK ÜNİVERSİTESİ EĞİTİME DESTEK SERBEST FON,2,2,0.175,1,1,DENİZ PORTFÖY YÖNETİMİ A.Ş.,Kategorisiz,2026-09-21T00:00:00.000Z,168482099,0,-19403.929012
FNO,QNB PORTFÖY BİRİNCİ DEĞİŞKEN FON,4,2.0075,0.175,1,2,QNB PORTFÖY YÖNETİMİ A.Ş.,Kategorisiz,2026-09-21T00:00:00.000Z,10801345581,7169,-40754285.93121
FNT,HEDEF PORTFÖY MODEL HİSSE SENEDİ SERBEST (TL) FON (HİSSE SENEDİ YOĞUN FON),6,3,0,1,2,HEDEF PORTFÖY YÖNETİMİ A.Ş.,Yerli Hisse,2026-09-18T00:00:00.000Z,261365137,1591,-13766075.4283
FP4,ONE PORTFÖY DÖRDÜNCÜ HİSSE SENEDİ SERBEST FON (HİSSE SENEDİ YOĞUN FON),6,3,0,1,2,ONE PORTFÖY YÖNETİMİ A.Ş.,Yerli Hisse,2026-09-18T00:00:00.000Z,85721949,120,-2208801.79308
FPE,FİBA PORTFÖY EUROBOND BORÇLANMA ARAÇLARI (DÖVİZ) FONU,5,1.095,0.175,1,3,FİBA PORTFÖY YÖNETİMİ A.Ş.,Döviz Fon,2026-09-21T00:00:00.000Z,333904890,1475,-2934204.838318
FPG,FİBA PORTFÖY GÜMÜŞ SERBEST FON,6,1.75,0.175,1,3,FİBA PORTFÖY YÖNETİMİ A.Ş.,Gümüş Fonları,2026-09-21T00:00:00.000Z,830717714,2253,-5035953.08976
FPH,FİBA PORTFÖY HİSSE SENEDİ FONU (TL) FONU (HİSSE SENEDİ YOĞUN FON),6,3.103,0,1,2,FİBA PORTFÖY YÖNETİMİ A.Ş.,Yerli Hisse,2026-09-21T00:00:00.000Z,1247324014,4676,-7529783.338119
FPI,FONMAP PORTFÖY BİRİNCİ PARA PİYASASI (TL) FONU,1,1,0.175,0,0,FONMAP PORTFÖY YÖNETİMİ A.Ş.,Para Piyasası,2026-09-21T00:00:00.000Z,62742571,0,-8848920.907024
FPK,FİBA PORTFÖY KISA VADELİ BORÇLANMA ARAÇLARI  (TL) FONU,1,2.1,0.175,0,0,FİBA PORTFÖY YÖNETİMİ A.Ş.,Kısa Vadeli,2026-09-21T00:00:00.000Z,262509891,1143,-11497694.741999999
FPR,STRATEJİ PORTFÖY FOREST HİSSE SENEDİ SERBEST FON (HİSSE SENEDİ YOĞUN FON),6,2.5,0,1,2,STRATEJİ PORTFÖY YÖNETİMİ A.Ş.,Yerli Hisse,2026-09-21T00:00:00.000Z,170909207,20,-569900.4262
FPZ,QNB PORTFÖY BİRİNCİ SERBEST (DÖVİZ) FON,,1.3,0.175,1,2,QNB PORTFÖY YÖNETİMİ A.Ş.,Döviz Fon,2026-09-21T00:00:00.000Z,135596496733,19623,-421460783.480686
FRA,AZİMUT PORTFÖY MAB SERBEST FON,6,1.05,0.175,1,2,AZİMUT PORTFÖY YÖNETİMİ A.Ş.,Kategorisiz,2026-09-21T00:00:00.000Z,525162545,0,0
FRC,FONMAP PORTFÖY BİRİNCİ HİSSE SENEDİ SERBEST FON (HİSSE SENEDİ YOĞUN FON),6,2,0,1,2,FONMAP PORTFÖY YÖNETİMİ A.Ş.,Yerli Hisse,2026-09-21T00:00:00.000Z,51790382,0,-127744.574525
FS5,ONE PORTFÖY BİRİNCİ İSTATİSTİKSEL ARBİTRAJ HİSSE SENEDİ SERBEST FON (HİSSE SENEDİ YOĞUN FON),6,3.5,0,1,2,ONE PORTFÖY YÖNETİMİ A.Ş.,Serbest İstatistiksel Arbitraj Fonları,2026-09-18T00:00:00.000Z,56445663,81,3613571.1769789997
FS6,ONE PORTFÖY İKİNCİ İSTATİSTİKSEL ARBİTRAJ SERBEST FON,4,3,0.175,1,2,ONE PORTFÖY YÖNETİMİ A.Ş.,Serbest İstatistiksel Arbitraj Fonları,2026-09-18T00:00:00.000Z,291496533,392,-4723901.793219
FSF,FİBA PORTFÖY PARA PİYASASI SERBEST (TL) FON,2,1.2,0.175,0,0,FİBA PORTFÖY YÖNETİMİ A.Ş.,Serbest Para Piyasası Fonları,2026-09-21T00:00:00.000Z,14282618582,7143,-463117509.07611203
FSG,FİBA PORTFÖY BİRİNCİ HİSSE SENEDİ SERBEST FON (HİSSE SENEDİ YOĞUN FON),6,3.4,0,1,2,FİBA PORTFÖY YÖNETİMİ A.Ş.,Yerli Hisse,2026-09-21T00:00:00.000Z,636766048,781,-9460666.090032
FSH,FİBA PORTFÖY FON SEPETİ SERBEST FON,6,2.95,0.175,1,3,FİBA PORTFÖY YÖNETİMİ A.Ş.,Kategorisiz,2026-09-21T00:00:00.000Z,368802398,618,-470942.145988
FSK,QNB PORTFÖY İKİNCİ PARA PİYASASI (TL) FONU,2,1.3,0.175,0,0,QNB PORTFÖY YÖNETİMİ A.Ş.,Para Piyasası,2026-09-21T00:00:00.000Z,5306278995,2437,-167096153.516904
FSP,FONMAP PORTFÖY SERBEST (DÖVİZ) FON,6,2.5,0.175,1,3,FONMAP PORTFÖY YÖNETİMİ A.Ş.,Döviz Fon,2026-09-21T00:00:00.000Z,98898,0,-9197.514000000001
FSR,FİBA PORTFÖY İKİNCİ SERBEST (DÖVİZ-AVRO) FON,,0.5,0.175,1,2,FİBA PORTFÖY YÖNETİMİ A.Ş.,Döviz Fon,2026-09-21T00:00:00.000Z,5850495235,2499,176298452.840559
FSU,TERA PORTFÖY FON SEPETİ FONU,6,2.5,0.175,1,2,TERA PORTFÖY YÖNETİMİ A.Ş.,Kategorisiz,2026-09-18T00:00:00.000Z,1864852116,13025,-849777468.880445
FTL,ONE PORTFÖY PARA PİYASASI KATILIM FONU,1,1.25,0.175,0,0,ONE PORTFÖY YÖNETİMİ A.Ş.,Para Piyasası,2026-09-18T00:00:00.000Z,190635411,623,-10869992.085694
FUA,AK PORTFÖY İHRACATÇI ŞİRKETLER HİSSE SENEDİ (TL) FONU (HİSSE SENEDİ YOĞUN FON),6,2.9,0,1,2,AK PORTFÖY YÖNETİMİ A.Ş.,Yerli Hisse,2026-09-21T00:00:00.000Z,298595032,3030,-1754255.502692
FUB,QNB PORTFÖY EUROBOND (DÖVİZ) BORÇLANMA ARAÇLARI FONU,5,2.25,0.175,1,2,QNB PORTFÖY YÖNETİMİ A.Ş.,Döviz Fon,2026-09-21T00:00:00.000Z,923877649,2234,-2220660.625164
FYD,QNB PORTFÖY BİRİNCİ HİSSE SENEDİ FONU (HİSSE SENEDİ YOĞUN FON),6,2.74,0,1,2,QNB PORTFÖY YÖNETİMİ A.Ş.,Yerli Hisse,2026-09-21T00:00:00.000Z,3124198548,5619,-3997126.010804
FYI,AZİMUT PORTFÖY 4.0 SERBEST FON,7,0.525,0.175,1,2,AZİMUT PORTFÖY YÖNETİMİ A.Ş.,Kategorisiz,2026-09-21T00:00:00.000Z,78274058,0,-3897047.7273379997
FYO,QNB PORTFÖY ÖZEL SEKTÖR BORÇLANMA ARAÇLARI FONU,1,1.5,0.175,1,1,QNB PORTFÖY YÖNETİMİ A.Ş.,Borçlanma Araçları - Özel Sektör,2026-09-21T00:00:00.000Z,2038578371,1405,-14582355.527256
FZJ,FİBA PORTFÖY BİRİNCİ FON SEPETİ FONU,4,2.28,0.175,1,2,FİBA PORTFÖY YÖNETİMİ A.Ş.,Kategorisiz,2026-09-21T00:00:00.000Z,1160669859,2224,-6467937.127572
FZP,FİBA PORTFÖY SERBEST FON,2,1.2,0.175,1,1,FİBA PORTFÖY YÖNETİMİ A.Ş.,Kategorisiz,2026-09-21T00:00:00.000Z,803731893,605,-5214224.876755999
GA1,GARANTİ PORTFÖY BORÇLANMA ARAÇLARI FONU,3,2.5,0.175,1,1,GARANTİ PORTFÖY YÖNETİMİ A.Ş.,Kategorisiz,2026-09-21T00:00:00.000Z,356969377,1207,-7416426.506267999
GAE,GARANTİ PORTFÖY BİST30 ENDEKSİ HİSSE SENEDİ (TL) FONU (HİSSE SENEDİ YOĞUN FON),6,2.051,0,1,2,GARANTİ PORTFÖY YÖNETİMİ A.Ş.,Tematik Hisse,2026-09-21T00:00:00.000Z,1542506057,12550,1090595.91201
GAF,INVEO PORTFÖY BİRİNCİ HİSSE SENEDİ FONU (HİSSE SENEDİ YOĞUN FON),6,2.5,0,1,2,INVEO PORTFÖY YÖNETİMİ A.Ş.,Yerli Hisse,2026-09-21T00:00:00.000Z,198373141,1480,-1272987.085072
GAG,INVEO PORTFÖY BİRİNCİ SERBEST (DÖVİZ) FON,5,1,0.175,1,2,INVEO PORTFÖY YÖNETİMİ A.Ş.,Döviz Fon,2026-09-21T00:00:00.000Z,716682316,229,-111914958.212244
GAH,GARANTİ PORTFÖY MUTLAK GETİRİ HEDEFLİ DEĞİŞKEN FON,3,2.7,0.175,1,2,GARANTİ PORTFÖY YÖNETİMİ A.Ş.,Mutlak Getiri Hedefli,2026-09-18T00:00:00.000Z,356066408,2676,57178.437322000005
GAS,GARANTİ PORTFÖY ÜÇÜNCÜ SERBEST (DÖVİZ) FON,,1,0.175,1,2,GARANTİ PORTFÖY YÖNETİMİ A.Ş.,Döviz Fon,2026-09-21T00:00:00.000Z,3272333597,1901,-20965306.883169
GBC,AZİMUT PORTFÖY YABANCI HİSSE SENEDİ FONU,6,2.5,0.175,1,2,AZİMUT PORTFÖY YÖNETİMİ A.Ş.,Yabancı Fonlar,2026-09-21T00:00:00.000Z,262174078,77,-2789660.4041609997
GBG,INVEO PORTFÖY G-20 ÜLKELERİ YABANCI HİSSE SENEDİ FONU,6,2.5,0.175,1,3,INVEO PORTFÖY YÖNETİMİ A.Ş.,Yabancı Fonlar,2026-09-21T00:00:00.000Z,199248822,4167,-11238510.19004
GBH,GARANTİ PORTFÖY BİRİNCİ HİSSE SENEDİ SERBEST FON (HİSSE SENEDİ YOĞUN FON),7,3.2,0,1,2,GARANTİ PORTFÖY YÖNETİMİ A.Ş.,Yerli Hisse,2026-09-21T00:00:00.000Z,2020783629,2443,-437816.40992999997
GBJ,GARANTİ PORTFÖY BANKACILIK SEKTÖRÜ HİSSE SENEDİ SERBEST FON (HİSSE SENEDİ YOĞUN FON),7,3.2,0,1,2,GARANTİ PORTFÖY YÖNETİMİ A.Ş.,Tematik Hisse,2026-09-21T00:00:00.000Z,858812647,1244,-885894.63842
GBL,AZİMUT PYŞ  KISA VADELİ  BORÇLANMA ARAÇLARI FONU,2,2.4,0.175,0,0,AZİMUT PORTFÖY YÖNETİMİ A.Ş.,Kısa Vadeli,2026-09-21T00:00:00.000Z,3920086880,1290,-394539836.678702
GBN,GARANTİ PORTFÖY BEŞİNCİ SERBEST (TL) FON,2,1.5,0.175,1,1,GARANTİ PORTFÖY YÖNETİMİ A.Ş.,Kategorisiz,2026-09-21T00:00:00.000Z,6388877734,285,54065.338791999995
GBV,GARANTİ PORTFÖY BLOCKCHAİN TEKNOLOJİLERİ DEĞİŞKEN FON,6,2.7,0.175,1,3,GARANTİ PORTFÖY YÖNETİMİ A.Ş.,Teknoloji,2026-09-18T00:00:00.000Z,2187244317,21628,-5929311.98252
GBZ,AZİMUT PORTFÖY EMTİA FON SEPETİ FONU,6,2.75,0.175,1,3,AZİMUT PORTFÖY YÖNETİMİ A.Ş.,Emtia Fonları,2026-09-21T00:00:00.000Z,1166807908,0,-3879805.5384480003
GGK,INVEO PORTFÖY ALTIN FON,6,1.5,0.175,1,1,INVEO PORTFÖY YÖNETİMİ A.Ş.,Altın Fonları,2026-09-21T00:00:00.000Z,2312680501,11559,-160136096.5204
GHS,GARANTİ PORTFÖY HİSSE SENEDİ (TL) FONU (HİSSE SENEDİ YOĞUN FON),6,3.2,0,1,2,GARANTİ PORTFÖY YÖNETİMİ A.Ş.,Yerli Hisse,2026-09-21T00:00:00.000Z,2617046078,13549,14069496.256767001
GID,GARANTİ PORTFÖY İNŞAAT SEKTÖRÜ HİSSE SENEDİ FONU (HİSSE SENEDİ YOĞUN FON),5,3.2,0,1,2,GARANTİ PORTFÖY YÖNETİMİ A.Ş.,Tematik Hisse,2026-09-18T00:00:00.000Z,33517874,1884,-307569.008864
GIE,GARANTİ PORTFÖY GARANTİ BBVA İKLİM ENDEKSİ HİSSE SENEDİ (TL) FONU (HİSSE SENEDİ YOĞUN FON),6,2,0,1,2,GARANTİ PORTFÖY YÖNETİMİ A.Ş.,Tematik Hisse,2026-09-21T00:00:00.000Z,75681153,3769,-623115.612758
GIH,ALLBATROSS PORTFÖY GIDA VE İÇECEK SEKTÖRÜ HİSSE SENEDİ FONU (HİSSE SENEDİ YOĞUN FON),6,2.7,0,1,2,ALLBATROSS PORTFÖY YÖNETİMİ A.Ş.,Tematik Hisse,2026-09-21T00:00:00.000Z,5491575,0,-354796.52681199997
GJB,INVEO PORTFÖY BİRİNCİ FON SEPETİ FONU,5,0.5,0.175,1,2,INVEO PORTFÖY YÖNETİMİ A.Ş.,Kategorisiz,2026-09-21T00:00:00.000Z,70790488,918,-892132.3330999999
GKF,GLOBAL MD PORTFÖY KATILIM FONU,7,1.9,0.175,1,2,GLOBAL MD PORTFÖY YÖNETİMİ A.Ş.,Kategorisiz,2026-09-21T00:00:00.000Z,42360874,670,-7006.398464
GKG,GARANTİ PORTFÖY KAR PAYI ÖDEYEN HİSSE SENEDİ (TL) FONU (HİSSE SENEDİ YOĞUN FON),6,3.2,0,1,2,GARANTİ PORTFÖY YÖNETİMİ A.Ş.,Yerli Hisse,2026-09-21T00:00:00.000Z,46032351,741,-295643.075808
GKH,GARANTİ PORTFÖY PARA PİYASASI KATILIM SERBEST (TL) FON,2,1,0.175,0,0,GARANTİ PORTFÖY YÖNETİMİ A.Ş.,Serbest Katılım Fonları,2026-09-21T00:00:00.000Z,3690628874,1455,-443483623.30107003
GKV,GARANTİ PORTFÖY KATILIM HİSSE SENEDİ (TL) FONU (HİSSE SENEDİ YOĞUN FON),6,3.2,0,1,2,GARANTİ PORTFÖY YÖNETİMİ A.Ş.,Yerli Hisse,2026-09-21T00:00:00.000Z,244082534,2418,-2479596.61509
GL1,AZİMUT PYŞ BİRİNCİ HİSSE SENEDİ FONU (HİSSE SENEDİ YOĞUN FON),6,3.2025,0,1,2,AZİMUT PORTFÖY YÖNETİMİ A.Ş.,Yerli Hisse,2026-09-21T00:00:00.000Z,1461585905,104,-92839810.22883001
GLC,AKTİF PORTFÖY ÜÇÜNCÜ FON SEPETİ FONU,5,1.9,0.175,1,2,AKTİF PORTFÖY YÖNETİMİ A.Ş.,Kategorisiz,2026-09-21T00:00:00.000Z,16781031,68,0
GLG,AKTİF PORTFÖY CAPİTAL HİSSE SENEDİ SERBEST FON (HİSSE SENEDİ YOĞUN FON),6,3.05,0,1,2,AKTİF PORTFÖY YÖNETİMİ A.Ş.,Yerli Hisse,2026-09-21T00:00:00.000Z,17840762,303,-2089597.171707
GLL,GOLDEN GLOBAL PORTFÖY ALTIN KATILIM FONU,6,0.8,,1,2,GOLDEN GLOBAL PORTFÖY YÖNETİMİ A.Ş.,Altın Fonları,2026-09-18T00:00:00.000Z,8704516,38,-497.68271
GLS,AZİMUT PORTFÖY KİRA SERTİFİKALARI (SUKUK ) KATILIM FONU,2,2.4,0.175,1,1,AZİMUT PORTFÖY YÖNETİMİ A.Ş.,Kira Sertifikaları,2026-09-21T00:00:00.000Z,376566441,139,-725167317.593784
GMA,AZİMUT PORTFÖY BİRİNCİ DEĞİŞKEN FON,5,3.2025,0.175,1,2,AZİMUT PORTFÖY YÖNETİMİ A.Ş.,Kategorisiz,2026-09-21T00:00:00.000Z,2250358934,212,-42738552.735438995
GMC,TEB PORTFÖY GÜMÜŞ FON SEPETİ FONU,7,2.9,0.175,1,3,TEB PORTFÖY YÖNETİMİ A.Ş.,Gümüş Fonları,2026-09-18T00:00:00.000Z,3941784698,20264,-7448929.347608
GMD,GLOBAL MD PORTFÖY BİRİNCİ FON SEPETİ FONU,5,1.75,0.175,1,3,GLOBAL MD PORTFÖY YÖNETİMİ A.Ş.,Kategorisiz,2026-09-21T00:00:00.000Z,15397901,105,-50968.039315999995
GMI,AK PORTFÖY GÜMÜŞ SERBEST FON,7,2.5,0.175,1,3,AK PORTFÖY YÖNETİMİ A.Ş.,Gümüş Fonları,2026-09-21T00:00:00.000Z,642891564,4105,-4056234.392905
GMN,GLOBAL MD PORTFÖY BİRİNCİ PARA PİYASASI SERBEST (TL) FON,2,1,0.175,0,0,GLOBAL MD PORTFÖY YÖNETİMİ A.Ş.,Serbest Para Piyasası Fonları,2026-09-21T00:00:00.000Z,81940790,27,12991.129251
GMR,INVEO PORTFÖY BIST 30 DIŞI ŞİRKETLER HİSSE SENEDİ FONU (HİSSE SENEDİ YOĞUN FON),6,2.5,0,1,2,INVEO PORTFÖY YÖNETİMİ A.Ş.,Tematik Hisse,2026-09-21T00:00:00.000Z,154766088,4346,-2275186.808727
GNH,GLOBAL MD PORTFÖY ALGORİTMİK MODEL HİSSE SENEDİ FONU (HİSSE SENEDİ YOĞUN FON),7,2.9,0,1,2,GLOBAL MD PORTFÖY YÖNETİMİ A.Ş.,Yerli Hisse,2026-09-21T00:00:00.000Z,6277050,174,116386.888571
GNS,GARANTİ PORTFÖY ENERJİ ŞİRKETLERİ HİSSE SENEDİ (TL) FONU (HİSSE SENEDİ YOĞUN FON),6,3.2,0,1,2,GARANTİ PORTFÖY YÖNETİMİ A.Ş.,Yerli Hisse,2026-09-21T00:00:00.000Z,79472068,830,-1046248.61616
GO1,ONE PORTFÖY BİRİNCİ FON SEPETİ FONU,3,2,0.175,1,1,ONE PORTFÖY YÖNETİMİ A.Ş.,Kategorisiz,2026-09-18T00:00:00.000Z,73471381,705,-6416217.87129
GO3,ONE PORTFÖY ÜÇÜNCÜ FON SEPETİ FONU,5,2.25,0.175,1,3,ONE PORTFÖY YÖNETİMİ A.Ş.,Kategorisiz,2026-09-18T00:00:00.000Z,28073800,436,-3825639.430166
GO4,ONE PORTFÖY DÖRDÜNCÜ FON SEPETİ FONU,5,2.25,0.175,1,3,ONE PORTFÖY YÖNETİMİ A.Ş.,Kategorisiz,2026-09-18T00:00:00.000Z,44964678,721,-2606190.7541759997
GO6,ONE PORTFÖY PARA PİYASASI (TL) FONU,1,1.25,0.175,0,0,ONE PORTFÖY YÖNETİMİ A.Ş.,Para Piyasası,2026-09-18T00:00:00.000Z,3549697608,3162,-957601202.407605
GO9,ONE PORTFÖY BİRİNCİ HİSSE SENEDİ FONU (HİSSE SENEDİ YOĞUN FON),6,3,0,1,2,ONE PORTFÖY YÖNETİMİ A.Ş.,Yerli Hisse,2026-09-18T00:00:00.000Z,405110530,1633,-7878642.031218001
GOH,GARANTİ PORTFÖY BIST 100 DIŞI ŞİRKETLER HİSSE SENEDİ (TL) FONU (HİSSE SENEDİ YOĞUN FON),6,3.2,0,1,2,GARANTİ PORTFÖY YÖNETİMİ A.Ş.,Tematik Hisse,2026-09-21T00:00:00.000Z,516037278,4556,-2336295.093726
GOK,GOLDEN GLOBAL PORTFÖY KISA VADELİ KİRA SERTİFİKALARI KATILIM FONU,2,1.4,0.175,0,0,GOLDEN GLOBAL PORTFÖY YÖNETİMİ A.Ş.,Kira Sertifikaları,2026-09-18T00:00:00.000Z,53165666,14,0
GOL,GARANTİ PORTFÖY ALTIN KATILIM FONU,6,1.95,0.175,1,1,GARANTİ PORTFÖY YÖNETİMİ A.Ş.,Altın Fonları,2026-09-21T00:00:00.000Z,4959065213,9175,-5835161.724696
GOP,GOLDEN GLOBAL PORTFÖY PARA PİYASASI KATILIM FONU,1,0.7,0.175,0,0,GOLDEN GLOBAL PORTFÖY YÖNETİMİ A.Ş.,Para Piyasası,2026-09-18T00:00:00.000Z,231849693,1128,-164850373.48304
GPA,GARANTİ PORTFÖY EUROBOND BORÇLANMA ARAÇLARI (DÖVİZ) FONU,5,2.9,0.175,1,2,GARANTİ PORTFÖY YÖNETİMİ A.Ş.,Döviz Fon,2026-09-21T00:00:00.000Z,829189520,4139,-316310.605072
GPB,GARANTİ PORTFÖY BİRİNCİ DEĞİŞKEN FON,2,2.5,0.175,1,2,GARANTİ PORTFÖY YÖNETİMİ A.Ş.,Kategorisiz,2026-09-18T00:00:00.000Z,1270678661,9561,-1729642.813704
GPC,GARANTİ PORTFÖY İKİNCİ SERBEST (DÖVİZ) FON,,1.5,0.175,1,2,GARANTİ PORTFÖY YÖNETİMİ A.Ş.,Döviz Fon,2026-09-18T00:00:00.000Z,6689793370,3527,-35356600.73625
GPF,GARANTİ PORTFÖY ÇOKLU VARLIK KATILIM FONU,3,1.83,0.175,1,2,GARANTİ PORTFÖY YÖNETİMİ A.Ş.,Kategorisiz,2026-09-21T00:00:00.000Z,571609575,2441,-19562300.068584
GPG,INVEO PORTFÖY BİRİNCİ DEĞİŞKEN FON,6,2.28,0.175,1,2,INVEO PORTFÖY YÖNETİMİ A.Ş.,Kategorisiz,2026-09-21T00:00:00.000Z,962981127,2806,-6391691.067277
GPI,GARANTİ PORTFÖY İKİNCİ DEĞİŞKEN FON,3,2.5,0.175,1,2,GARANTİ PORTFÖY YÖNETİMİ A.Ş.,Kategorisiz,2026-09-18T00:00:00.000Z,735559368,2772,-84372.167462
GPL,GARANTİ PORTFÖY BİRİNCİ SERBEST (DÖVİZ) FON,,1,0.175,1,1,GARANTİ PORTFÖY YÖNETİMİ A.Ş.,Döviz Fon,2026-09-21T00:00:00.000Z,100161119308,35613,-396115733.849904
GPN,GARANTİ PORTFÖY PARA PİYASASI KATILIM (TL) FONU,1,0.4,0.175,0,0,GARANTİ PORTFÖY YÖNETİMİ A.Ş.,Para Piyasası,2026-09-21T00:00:00.000Z,4970503609,3942,-410592524.48825604
GPT,AKTİF PORTFÖY ROBOTİK TEKNOLOJİLERİ DEĞİŞKEN FON,5,2,0.175,1,2,AKTİF PORTFÖY YÖNETİMİ A.Ş.,Teknoloji,2026-09-21T00:00:00.000Z,95556978,3051,0
GPU,GARANTİ PORTFÖY ÜÇÜNCÜ DEĞİŞKEN FON,4,2.5,0.175,1,2,GARANTİ PORTFÖY YÖNETİMİ A.Ş.,Kategorisiz,2026-09-18T00:00:00.000Z,353463421,2435,-439175.12984799995
GPZ,GARANTİ PORTFÖY ÜÇÜNCÜ PARA PİYASASI FONU,1,0.95,0.175,0,0,GARANTİ PORTFÖY YÖNETİMİ A.Ş.,Para Piyasası,2026-09-21T00:00:00.000Z,7767996603,131,3167324.095722
GRL,QNB PORTFÖY AGRESİF SERBEST FON,5,2.5,0.175,1,2,QNB PORTFÖY YÖNETİMİ A.Ş.,Kategorisiz,2026-09-21T00:00:00.000Z,375075414,313,-451.05453
GRO,GARANTİ PORTFÖY OTUZUNCU SERBEST (DÖVİZ) FON,,0.96,0.175,1,1,GARANTİ PORTFÖY YÖNETİMİ A.Ş.,Döviz Fon,2026-09-21T00:00:00.000Z,194158949333,25948,-473172541.62776
GRT,GARANTİ PORTFÖY TEKNOLOJİ ŞİRKETLERİ HİSSE SENEDİ (TL) FONU (HİSSE SENEDİ YOĞUN FON),6,3.2,0,1,2,GARANTİ PORTFÖY YÖNETİMİ A.Ş.,Tematik Hisse,2026-09-21T00:00:00.000Z,114122671,1249,-217810.188288
GSP,AZİMUT PORTFÖY  KAR PAYI ÖDEYEN HİSSE SENEDİ FONU (HİSSE SENEDİ YOĞUN FON),6,3.2025,0,1,2,AZİMUT PORTFÖY YÖNETİMİ A.Ş.,Yerli Hisse,2026-09-21T00:00:00.000Z,4218092280,277,-27317095.305299997
GTA,GARANTİ PORTFÖY ALTIN FONU,6,1.95,0.175,1,1,GARANTİ PORTFÖY YÖNETİMİ A.Ş.,Altın Fonları,2026-09-21T00:00:00.000Z,24540803624,67780,-32494020.117306996
GTF,AZİMUT PORTFÖY BİRİNCİ BORÇLANMA ARAÇLARI FONU,3,3,0.175,1,1,AZİMUT PORTFÖY YÖNETİMİ A.Ş.,Kategorisiz,2026-09-21T00:00:00.000Z,141970324,278,-15003582.3476
GTH,GARANTİ PORTFÖY İHRACATÇI ŞİRKETLER HİSSE SENEDİ (TL) FONU (HİSSE SENEDİ YOĞUN FON),6,3.2,0,1,2,GARANTİ PORTFÖY YÖNETİMİ A.Ş.,Yerli Hisse,2026-09-21T00:00:00.000Z,31764485,480,-640208.36136
GTM,GARANTİ PORTFÖY TEMETTÜ ÖDEYEN ŞİRKETLER HİSSE SENEDİ (TL) FONU (HİSSE SENEDİ YOĞUN FON),6,3.2,0,1,2,GARANTİ PORTFÖY YÖNETİMİ A.Ş.,Yerli Hisse,2026-09-21T00:00:00.000Z,1036349110,8467,-2565305.046492
GTY,GARANTİ PORTFÖY TREND SERBEST FON,6,2,0.175,1,3,GARANTİ PORTFÖY YÖNETİMİ A.Ş.,Kategorisiz,2026-09-18T00:00:00.000Z,398837473,499,-181173.26016
GTZ,GARANTİ PORTFÖY GÜMÜŞ FON SEPETİ FONU,7,2.9,0.175,1,3,GARANTİ PORTFÖY YÖNETİMİ A.Ş.,Gümüş Fonları,2026-09-18T00:00:00.000Z,12407303623,60814,-21228566.93243
GUB,GARANTİ PORTFÖY ÖZEL SEKTÖR BORÇLANMA ARAÇLARI FONU,1,2,0.175,1,1,GARANTİ PORTFÖY YÖNETİMİ A.Ş.,Borçlanma Araçları - Özel Sektör,2026-09-21T00:00:00.000Z,4625724791,9803,9799882.563016001
GUF,İŞ PORTFÖY GÜMÜŞ FON SEPETİ FONU,7,2.5,,1,3,İŞ PORTFÖY YÖNETİMİ A.Ş.,Gümüş Fonları,2026-09-21T00:00:00.000Z,639982675,4207,-258360.39184999999
GUH,GARANTİ PORTFÖY YABANCI TEKNOLOJİ HİSSE SENEDİ FONU,6,3,0.175,1,3,GARANTİ PORTFÖY YÖNETİMİ A.Ş.,Tematik Hisse,2026-09-18T00:00:00.000Z,4778690110,38429,-14215921.693436
GUK,GARANTİ PORTFÖY GÜMÜŞ KATILIM SERBEST FON,7,2.5,0.175,1,2,GARANTİ PORTFÖY YÖNETİMİ A.Ş.,Serbest Katılım Fonları,2026-09-18T00:00:00.000Z,1341193400,2526,-2071350.85653
GUM,AK PORTFÖY GÜMÜŞ FON SEPETİ FONU,7,2.9,0.175,1,3,AK PORTFÖY YÖNETİMİ A.Ş.,Gümüş Fonları,2026-09-18T00:00:00.000Z,6528888107,52000,-2358787.9048719998
GUV,GARANTİ PORTFÖY UZUN VADELİ BORÇLANMA ARAÇLARI FONU,5,2,0.175,1,1,GARANTİ PORTFÖY YÖNETİMİ A.Ş.,Uzun Vadeli Borçlanma Araçları,2026-09-21T00:00:00.000Z,759159201,985,-5461837.296557
GVA,GARANTİ PORTFÖY ELEKTRİKLİ VE OTONOM ARAÇLAR DEĞİŞKEN FON,6,2.7,0.175,1,3,GARANTİ PORTFÖY YÖNETİMİ A.Ş.,Teknoloji,2026-09-18T00:00:00.000Z,90054928,3340,-231090.935614
GVI,GARANTİ PORTFÖY ÜÇÜNCÜ FON SEPETİ FONU,5,2,0.175,1,2,GARANTİ PORTFÖY YÖNETİMİ A.Ş.,Kategorisiz,2026-09-18T00:00:00.000Z,1078029582,4518,-2352364.848586
GYK,INVEO PORTFÖY BORÇLANMA ARAÇLARI (TL) FONU,1,1.5,0.175,1,1,INVEO PORTFÖY YÖNETİMİ A.Ş.,Kategorisiz,2026-09-21T00:00:00.000Z,123028915,268,-86194.473124
GZE,GARANTİ PORTFÖY EMTİA SERBEST FON,6,3,0.175,1,3,GARANTİ PORTFÖY YÖNETİMİ A.Ş.,Emtia Fonları,2026-09-18T00:00:00.000Z,1767719015,4135,-6140326.924728001
GZG,GARANTİ PORTFÖY SAĞLIK VE GENETİK TEKNOLOJİLERİ DEĞİŞKEN FON,6,2.7,0.175,1,3,GARANTİ PORTFÖY YÖNETİMİ A.Ş.,Teknoloji,2026-09-18T00:00:00.000Z,412991464,4445,-5504604.161481
GZH,GARANTİ PORTFÖY TEMİZ ENERJİ DEĞİŞKEN FON,5,2.7,0.175,1,3,GARANTİ PORTFÖY YÖNETİMİ A.Ş.,Sürdürülebilirlik,2026-09-18T00:00:00.000Z,346455996,5388,-1048591.24357
GZJ,GARANTİ PORTFÖY İKİNCİ FON SEPETİ FONU,4,2,0.175,1,2,GARANTİ PORTFÖY YÖNETİMİ A.Ş.,Kategorisiz,2026-09-18T00:00:00.000Z,1707032371,5142,-1936223.1297849999
GZL,GARANTİ PORTFÖY TARIM VE GIDA SEKTÖRÜ DEGİŞKEN FON,5,2.7,0.175,1,3,GARANTİ PORTFÖY YÖNETİMİ A.Ş.,Tarım - Gıda,2026-09-18T00:00:00.000Z,383610547,6443,-677789.21196
GZM,GLOBAL MD PORTFÖY DURU SERBEST FON,7,2.9,0.175,1,2,GLOBAL MD PORTFÖY YÖNETİMİ A.Ş.,Kategorisiz,2026-09-21T00:00:00.000Z,491822082,1050,-155070670.13447797
GZN,GLOBAL MD PORTFÖY BOĞAZİÇİ SERBEST FON,7,2.5,0.175,1,2,GLOBAL MD PORTFÖY YÖNETİMİ A.Ş.,Kategorisiz,2026-09-21T00:00:00.000Z,342917022,1009,-17073874.04472
GZP,GARANTİ PORTFÖY BİRİNCİ FON SEPETİ FONU,3,2,0.175,1,2,GARANTİ PORTFÖY YÖNETİMİ A.Ş.,Kategorisiz,2026-09-18T00:00:00.000Z,3863131319,10329,-26434488.982527997
GZR,GARANTİ PORTFÖY SÜRDÜRÜLEBİLİRLİK HİSSE SENEDİ (TL) FONU (HİSSE SENEDİ YOĞUN FON),6,2.2,0,1,2,GARANTİ PORTFÖY YÖNETİMİ A.Ş.,Tematik Hisse,2026-09-21T00:00:00.000Z,1035634351,1522,-144384.750608
GZV,GARANTİ PORTFÖY ESG SÜRDÜRÜLEBİLİRLİK FON SEPETİ FONU,5,2.9,0.175,1,3,GARANTİ PORTFÖY YÖNETİMİ A.Ş.,Sürdürülebilirlik,2026-09-18T00:00:00.000Z,98260496,1365,-522572.33391000004
GZY,GARANTİ PORTFÖY TURİZM VE SEYAHAT SEKTÖRÜ DEGİŞKEN FON,6,2.7,0.175,1,3,GARANTİ PORTFÖY YÖNETİMİ A.Ş.,Tematik,2026-09-18T00:00:00.000Z,62601017,2227,-167526.188775
GZZ,GARANTİ PORTFÖY FİNANSAL TEKNOLOJİLER DEĞİŞKEN FON,5,2,0.175,1,3,GARANTİ PORTFÖY YÖNETİMİ A.Ş.,Teknoloji,2026-09-18T00:00:00.000Z,62537464,1221,-613719.871254
HAI,AHLATCI PORTFÖY ALTIN FONU,6,2.04,,1,1,AHLATCI PORTFÖY YÖNETİMİ A.Ş.,Altın Fonları,2026-09-21T00:00:00.000Z,11824347,0,-223582.37318999998
HAM,HEDEF PORTFÖY ALTIN KATILIM FONU,6,1.5,0.175,1,1,HEDEF PORTFÖY YÖNETİMİ A.Ş.,Altın Fonları,2026-09-18T00:00:00.000Z,1526542575,7289,-6002782.9215
HAR,BV PORTFÖY HARMONY SERBEST FON,7,2.88,0.175,,,BV PORTFÖY YÖNETİMİ A.Ş.,Kategorisiz,2026-09-21T00:00:00.000Z,639935611,68,0
HAT,HEDEF PORTFÖY ATLAS İSTATİSTİKSEL ARBİTRAJ HİSSE SENEDİ SERBEST FON (HİSSE SENEDİ YOĞUN FON),2,4,0,1,2,HEDEF PORTFÖY YÖNETİMİ A.Ş.,Serbest İstatistiksel Arbitraj Fonları,2026-09-18T00:00:00.000Z,2776620,75,-31306.359249999998
HBF,HSBC PORTFÖY ALTIN FONU,,1.8,0.175,1,1,HSBC PORTFÖY YÖNETİMİ A.Ş.,Altın Fonları,2026-09-21T00:00:00.000Z,6263622055,10545,-15733443.317104
HBN,HSBC PORTFÖY BİRİNCİ FON SEPETİ FONU,,2,0.175,1,2,HSBC PORTFÖY YÖNETİMİ A.Ş.,Kategorisiz,2026-09-18T00:00:00.000Z,531245148,1056,-1553871.769695
HBU,HSBC PORTFÖY BIST 30 ENDEKSİ HİSSE SENEDİ FONU (HİSSE SENEDİ YOĞUN FON),,1,0,1,2,HSBC PORTFÖY YÖNETİMİ A.Ş.,Tematik Hisse,2026-09-21T00:00:00.000Z,534468007,3185,-6470148.079999999
HCV,HEDEF PORTFÖY ATAK ÇOKLU VARLIK KATILIM FONU,5,2.95,0.175,1,2,HEDEF PORTFÖY YÖNETİMİ A.Ş.,Kategorisiz,2026-09-18T00:00:00.000Z,133022502,559,-6079361.655408
HDA,HEDEF PORTFÖY DÖRDÜNCÜ İSTATİSTİKSEL ARBİTRAJ HİSSE SENEDİ SERBEST (TL) FON (HİSSE SENEDİ YOĞUN FON),2,3.5,0,1,2,HEDEF PORTFÖY YÖNETİMİ A.Ş.,Serbest İstatistiksel Arbitraj Fonları,2026-09-18T00:00:00.000Z,77396284,490,-1799095.55
HDD,AHLATCI PORTFÖY BİRİNCİ DEĞİŞKEN FON,5,2.1,,1,2,AHLATCI PORTFÖY YÖNETİMİ A.Ş.,Kategorisiz,2026-09-21T00:00:00.000Z,10294282,0,-614083.26681
HDK,HEDEF PORTFÖY VEGA İSTATİSTİKSEL ARBİTRAJ HİSSE SENEDİ SERBEST FON (HİSSE SENEDİ YOĞUN FON),2,5,0,1,2,HEDEF PORTFÖY YÖNETİMİ A.Ş.,Serbest İstatistiksel Arbitraj Fonları,2026-09-18T00:00:00.000Z,11379384,123,-616264.263862
HEH,HEDEF PORTFÖY ALGO EVEREST İSTATİSTİKSEL ARBİTRAJ HİSSE SENEDİ SERBEST FON (HİSSE SENEDİ YOĞUN FON),3,4.5,0,1,2,HEDEF PORTFÖY YÖNETİMİ A.Ş.,Serbest İstatistiksel Arbitraj Fonları,2026-09-18T00:00:00.000Z,372413726,1341,-4846808.302560001
HFI,HEDEF PORTFÖY İKİNCİ KATILIM HİSSE SENEDİ SERBEST FON (HİSSE SENEDİ YOĞUN FON),6,2,0,1,2,HEDEF PORTFÖY YÖNETİMİ A.Ş.,Yerli Hisse,2026-09-18T00:00:00.000Z,57436960,130,136525.719164
HFO,AHLATCI PORTFÖY KATILIM HİSSE SENEDİ (TL) FONU ( HİSSE SENEDİ YOĞUN FON),7,2.6,0,1,2,AHLATCI PORTFÖY YÖNETİMİ A.Ş.,Yerli Hisse,2026-09-21T00:00:00.000Z,4798726,191,-134548.25129000001
HFR,A1 CAPİTAL PORTFÖY HİSSE SENEDİ (TL) FONU (HİSSE SENEDİ YOĞUN FON),6,2.75,0,1,2,A1 CAPİTAL PORTFÖY YÖNETİMİ A.Ş.,Yerli Hisse,2026-09-18T00:00:00.000Z,134234901,392,14436504.21706
HGM,HEDEF PORTFÖY İKİNCİ HİSSE SENEDİ (TL) FON (HİSSE SENEDİ YOĞUN FON),6,2.7,0,1,2,HEDEF PORTFÖY YÖNETİMİ A.Ş.,Yerli Hisse,2026-09-18T00:00:00.000Z,139445452,1738,-8028248.636348001
HGR,HEDEF PORTFÖY ALGORİTMİK STRATEJİLER SERBEST FON,5,3.75,0.175,1,2,HEDEF PORTFÖY YÖNETİMİ A.Ş.,Kategorisiz,2026-09-18T00:00:00.000Z,30204489,140,-120438.408995
HGV,HEDEF PORTFÖY BİRİNCİ SERBEST FON,7,2,0.175,1,2,HEDEF PORTFÖY YÖNETİMİ A.Ş.,Kategorisiz,2026-09-18T00:00:00.000Z,18411810,339,-419014.476936
HIA,HEDEF PORTFÖY İSTATİSTİKSEL ARBİTRAJ SERBEST FON,3,3.5,0.175,1,2,HEDEF PORTFÖY YÖNETİMİ A.Ş.,Serbest İstatistiksel Arbitraj Fonları,2026-09-18T00:00:00.000Z,861903483,239,-49270021.001333
HIF,HEDEF PORTFÖY İKİNCİ SERBEST FON,6,4.5,0.175,1,2,HEDEF PORTFÖY YÖNETİMİ A.Ş.,Kategorisiz,2026-09-18T00:00:00.000Z,10444209,47,-25387.068002
HIH,GARANTİ PORTFÖY HOLDİNGLER VE İŞTİRAKLERİ HİSSE SENEDİ (TL) FONU (HİSSE SENEDİ YOĞUN FON),6,3.2,0,1,2,GARANTİ PORTFÖY YÖNETİMİ A.Ş.,Tematik Hisse,2026-09-21T00:00:00.000Z,200531712,1857,-2019881.9021659999
HIM,HEDEF PORTFÖY BİRİNCİ İSTATİSTİKSEL ARBİTRAJ HİSSE SENEDİ SERBEST FON (HİSSE SENEDİ YOĞUN FON),2,3.75,0,1,2,HEDEF PORTFÖY YÖNETİMİ A.Ş.,Serbest İstatistiksel Arbitraj Fonları,2026-09-18T00:00:00.000Z,275773699,194,-6435401.943896
HIZ,AZİMUT PORTFÖY DİNAMİK DEĞİŞKEN FON,5,2.35,0.175,1,2,AZİMUT PORTFÖY YÖNETİMİ A.Ş.,Kategorisiz,2026-09-21T00:00:00.000Z,203167012,0,-2189615.946132
HJB,HEDEF PORTFÖY BİRİNCİ DEĞİŞKEN FON,6,3,0,1,2,HEDEF PORTFÖY YÖNETİMİ A.Ş.,Kategorisiz,2026-09-18T00:00:00.000Z,101363056,1484,-3944178.30655
HKG,ZİRAAT PORTFÖY HALK'IN ÜRETEN KADINLARI DEĞİŞKEN FON,6,2.25,0.175,1,2,ZİRAAT PORTFÖY YÖNETİMİ A.Ş.,Kategorisiz,2026-09-21T00:00:00.000Z,39898726,347,-563409.615416
HKH,HEDEF PORTFÖY KATILIM HİSSE SENEDİ (TL) FONU (HİSSE SENEDİ YOĞUN FON),6,2.7,0,1,2,HEDEF PORTFÖY YÖNETİMİ A.Ş.,Yerli Hisse,2026-09-18T00:00:00.000Z,714388727,13017,-4122289.309952
HKJ,HEDEF PORTFÖY PARA PİYASASI SERBEST FON,1,1,0.175,0,0,HEDEF PORTFÖY YÖNETİMİ A.Ş.,Serbest Para Piyasası Fonları,2026-09-18T00:00:00.000Z,7205752472,1813,-1507650806.51955
HKM,HEDEF PORTFÖY BAŞAK HİSSE SENEDİ SERBEST (TL) FON (HİSSE SENEDİ YOĞUN FON),7,3,0,1,2,HEDEF PORTFÖY YÖNETİMİ A.Ş.,Yerli Hisse,2026-09-18T00:00:00.000Z,34926013,831,-1127000.427894
HKR,HSBC PORTFÖY KIRMIZI HİSSE SENEDİ SERBEST (TL) FONU (HİSSE SENEDİ YOĞUN FON),,2.9,0,1,2,HSBC PORTFÖY YÖNETİMİ A.Ş.,Yerli Hisse,2026-09-21T00:00:00.000Z,1330636570,1446,-41707661.832271
HMC,HEDEF PORTFÖY EKİNOKS SERBEST (TL) FON,5,3,0.175,1,2,HEDEF PORTFÖY YÖNETİMİ A.Ş.,Kategorisiz,2026-09-18T00:00:00.000Z,7398010,133,1117675.9226819999
HMG,HSBC PYŞ MUTLAK GETİRİ HEDEFLİ HİSSE SENEDİ SERBEST (TL) FON (HİSSE SENEDİ YOĞUN FON),,2.5,0,1,2,HSBC PORTFÖY YÖNETİMİ A.Ş.,Mutlak Getiri Hedefli,2026-09-21T00:00:00.000Z,7651085339,6036,78523793.455338
HML,HEDEF PORTFÖY KATILIM SERBEST (DÖVİZ) FON,,0.75,0.175,1,2,HEDEF PORTFÖY YÖNETİMİ A.Ş.,Serbest Katılım Fonları,2026-09-18T00:00:00.000Z,79138819,42,842850.0562679999
HMS,HSBC PORTFÖY SÜRDÜRÜLEBİLİRLİK HİSSE SENEDİ (TL) FONU (HİSSE SENEDİ YOĞUN FON),,2,0,1,2,HSBC PORTFÖY YÖNETİMİ A.Ş.,Tematik Hisse,2026-09-21T00:00:00.000Z,238240178,3919,-871056.085458
HOA,HSBC PORTFÖY TEKNOLOJİ DEĞİŞKEN FON,,1.752,0.175,1,2,HSBC PORTFÖY YÖNETİMİ A.Ş.,Teknoloji,2026-09-21T00:00:00.000Z,1920913725,3333,-8335406.102718
HOY,HSBC PORTFÖY YABANCI BYF FON SEPETİ FONU,,2.008,0.175,1,2,HSBC PORTFÖY YÖNETİMİ A.Ş.,Yabancı Fonlar,2026-09-21T00:00:00.000Z,1292278529,2517,621534.6040640001
HP3,HEDEF PORTFÖY LİDYA SERBEST (DÖVİZ) FON,,0.75,0.175,1,1,HEDEF PORTFÖY YÖNETİMİ A.Ş.,Döviz Fon,2026-09-18T00:00:00.000Z,730125869,164,-8338859.26413
HPD,HSBC PORTFÖY İKİNCİ DEĞİŞKEN FON,,2.5,0.175,1,2,HSBC PORTFÖY YÖNETİMİ A.Ş.,Kategorisiz,2026-09-21T00:00:00.000Z,289831680,1451,-402212.294484
HPH,HEDEF PORTFÖY PARA PİYASASI KATILIM FONU,1,1.25,0.175,0,0,HEDEF PORTFÖY YÖNETİMİ A.Ş.,Para Piyasası,2026-09-18T00:00:00.000Z,4025708586,6593,-1606693494.3537502
HPO,HSBC PORTFÖY ÇOKLU VARLIK BİRİNCİ DEĞİŞKEN FON,,1.533,0.175,1,1,HSBC PORTFÖY YÖNETİMİ A.Ş.,Kategorisiz,2026-09-21T00:00:00.000Z,1163920506,2823,-1980019.94749
HPT,HSBC PORTFÖY KISA VADELİ BORÇLANMA ARAÇLARI (TL) FONU,,2.37,0.175,0,0,HSBC PORTFÖY YÖNETİMİ A.Ş.,Kısa Vadeli,2026-09-21T00:00:00.000Z,3895369197,10396,-29830543.218849998
HRZ,AKTİF PORTFÖY BIST HALKA ARZ ŞİRKETLERİ HİSSE SENEDİ (TL) FONU (HİSSE SENEDİ YOĞUN FON),6,2,0,1,2,AKTİF PORTFÖY YÖNETİMİ A.Ş.,Tematik Hisse,2026-09-21T00:00:00.000Z,145938558,5169,-20680222.572234
HSA,HSBC PORTFÖY DEĞİŞKEN (TL) FON,,2.5,0,1,2,HSBC PORTFÖY YÖNETİMİ A.Ş.,Kategorisiz,2026-09-21T00:00:00.000Z,4044770669,2332,-1937219.282449
HSL,HSBC PORTFÖY PARA PİYASASI (TL) FONU,,1.25,0.175,0,0,HSBC PORTFÖY YÖNETİMİ A.Ş.,Para Piyasası,2026-09-21T00:00:00.000Z,25697087303,24076,-836820654.471297
HST,HSBC PORTFÖY BORÇLANMA ARAÇLARI (TL) FONU,,2.19,0.175,1,1,HSBC PORTFÖY YÖNETİMİ A.Ş.,Kategorisiz,2026-09-21T00:00:00.000Z,334890476,3710,-51596096.073086
HTF,HSBC PORTFÖY PARA PİYASASI SERBEST (TL) FON,,1,0.175,0,0,HSBC PORTFÖY YÖNETİMİ A.Ş.,Serbest Para Piyasası Fonları,2026-09-21T00:00:00.000Z,4317960083,514,82783392.626544
HTJ,HEDEF PORTFÖY TEKNOLOJİ DEĞİŞKEN FON,4,2.95,0.175,1,2,HEDEF PORTFÖY YÖNETİMİ A.Ş.,Teknoloji,2026-09-18T00:00:00.000Z,42605444,249,-1662890.4976859998
HTK,QNB PORTFÖY HAVACILIK VE SAVUNMA TEKNOLOJİLERİ FON SEPETİ FONU,6,2.5,,1,2,QNB PORTFÖY YÖNETİMİ A.Ş.,Teknoloji,2026-09-21T00:00:00.000Z,96021830,445,-480473.538884
HTS,HSBC PORTFÖY ALTINCI SERBEST (DÖVİZ) FON,,2,0.175,1,1,HSBC PORTFÖY YÖNETİMİ A.Ş.,Döviz Fon,2026-09-18T00:00:00.000Z,4903173523,2613,55187.47025
HVI,DENİZ PORTFÖY HOLDİNGLER VE İŞTİRAKLERİ HİSSE SENEDİ (TL) FONU (HİSSE SENEDİ YOĞUN FON),6,1.9,0,1,2,DENİZ PORTFÖY YÖNETİMİ A.Ş.,Tematik Hisse,2026-09-21T00:00:00.000Z,40180346,0,11346.740515
HVK,HEDEF PORTFÖY BİRİNCİ BORÇLANMA ARAÇLARI (TL) FONU,2,2.25,0.175,1,1,HEDEF PORTFÖY YÖNETİMİ A.Ş.,Kategorisiz,2026-09-18T00:00:00.000Z,390014870,1197,-2885.201263
HVS,HSBC PORTFÖY HİSSE SENEDİ (TL) FONU (HİSSE SENEDİ YOĞUN FON),,2.5,0,1,2,HSBC PORTFÖY YÖNETİMİ A.Ş.,Yerli Hisse,2026-09-21T00:00:00.000Z,2545944990,9913,-11295041.76227
HVT,ALLBATROSS PORTFÖY YÖNETİMİ A.Ş. BİRİNCİ PARA PİYASASI (TL) FONU,1,1.25,0.175,0,0,ALLBATROSS PORTFÖY YÖNETİMİ A.Ş.,Para Piyasası,2026-09-21T00:00:00.000Z,415950517,0,-50167946.192364
HVU,ALLBATROSS PORTFÖY BİRİNCİ DEĞİŞKEN FON,4,2.1,0.175,1,2,ALLBATROSS PORTFÖY YÖNETİMİ A.Ş.,Kategorisiz,2026-09-21T00:00:00.000Z,10933828,0,-2255133.7819399997
HVZ,ALLBATROSS PORTFÖY BİRİNCİ HİSSE SENEDİ (TL) FONU (HİSSE SENEDİ YOĞUN FON),6,2.7,0,1,2,ALLBATROSS PORTFÖY YÖNETİMİ A.Ş.,Yerli Hisse,2026-09-21T00:00:00.000Z,75007536,0,-2006720.930232
HYP,AZİMUT PORTFÖY İVME SERBEST FON,6,0.42,0.175,1,1,AZİMUT PORTFÖY YÖNETİMİ A.Ş.,Kategorisiz,2026-09-21T00:00:00.000Z,577676041,0,-62851.011578000005
HYU,HSBC PORTFÖY KISA VADELİ SERBEST (TL) FON,,0.75,0.175,0,0,HSBC PORTFÖY YÖNETİMİ A.Ş.,Kısa Vadeli,2026-09-21T00:00:00.000Z,1211858372,235,103997959.381745
HYV,HEDEF PORTFÖY PARA PİYASASI (TL) FONU,1,1.25,0.175,0,0,HEDEF PORTFÖY YÖNETİMİ A.Ş.,Para Piyasası,2026-09-18T00:00:00.000Z,6029885462,6244,-3579721.408413
IAE,İSTANBUL PORTFÖY AGRESİF DEĞİŞKEN FON,5,3.150315,0,1,2,İSTANBUL PORTFÖY YÖNETİMİ A.Ş.,Kategorisiz,2026-09-21T00:00:00.000Z,259199684,444,-1329373.7369
IAM,İŞ PORTFÖY AGRESİF FON SEPETİ FONU,5,2.5,0.175,1,3,İŞ PORTFÖY YÖNETİMİ A.Ş.,Kategorisiz,2026-09-21T00:00:00.000Z,76623970,2790,-434971.3784
IAR,İSTANBUL PORTFÖY DÖRDÜNCÜ SERBEST FON,6,2.62143,0.175,1,2,İSTANBUL PORTFÖY YÖNETİMİ A.Ş.,Kategorisiz,2026-09-18T00:00:00.000Z,137459526,19,0
IAT,İŞ PORTFÖY KİRA SERTİFİKALARI KATILIM (TL) FONU,1,1.75,0.175,1,1,İŞ PORTFÖY YÖNETİMİ A.Ş.,Kira Sertifikaları,2026-09-21T00:00:00.000Z,2196415544,8973,-1031793.034854
IAU,PARDUS PORTFÖY İKİNCİ İSTATİSTİKSEL ARBİTRAJ HİSSE SENEDİ SERBEST (TL) FON (HİSSE SENEDİ YOĞUN FON),3,1.5,0,1,2,PARDUS PORTFÖY YÖNETİMİ A.Ş.,Serbest İstatistiksel Arbitraj Fonları,2026-09-18T00:00:00.000Z,19284185,192,-150090.9345
IAY,INVEO PORTFÖY ALTIN KATILIM FONU,6,1.5,0.175,1,1,INVEO PORTFÖY YÖNETİMİ A.Ş.,Altın Fonları,2026-09-21T00:00:00.000Z,44656208,190,-15073.194086000001
IBB,İŞ PORTFÖY ATAK DEĞİŞKEN FON,5,2,0.175,1,2,İŞ PORTFÖY YÖNETİMİ A.Ş.,Kategorisiz,2026-09-21T00:00:00.000Z,1378367741,8581,3841619.8506750003
ICC,TEB PORTFÖY BEŞİNCİ DEĞİŞKEN FON,4,2,0.175,1,2,TEB PORTFÖY YÖNETİMİ A.Ş.,Kategorisiz,2026-09-21T00:00:00.000Z,23743183,278,-885633.689632
ICD,TEB PORTFÖY DÖRDÜNCÜ DEĞİŞKEN FON,2,1.95,0.175,1,1,TEB PORTFÖY YÖNETİMİ A.Ş.,Kategorisiz,2026-09-21T00:00:00.000Z,34900758,198,-350888.081562
ICF,TEB PORTFÖY BİRİNCİ HİSSE SENEDİ FONU (HİSSE SENEDİ YOĞUN FON),6,2,0,1,2,TEB PORTFÖY YÖNETİMİ A.Ş.,Yerli Hisse,2026-09-21T00:00:00.000Z,19760087,535,-21806.274125
ICH,PARDUS PORTFÖY İKİNCİ DEĞİŞKEN FON,4,1.5,0.175,1,2,PARDUS PORTFÖY YÖNETİMİ A.Ş.,Kategorisiz,2026-09-21T00:00:00.000Z,697647618,0,-15469290.203084001
ICM,İNCİR PORTFÖY BİRİNCİ PARA PİYASASI (TL) FONU,,,,0,0,İNCİR PORTFÖY YÖNETİMİ A.Ş.,Para Piyasası,2026-09-21T00:00:00.000Z,49408514,0,30222.15259
ICS,TEB PORTFÖY SERBEST (DÖVİZ) FON,,1,0.175,1,3,TEB PORTFÖY YÖNETİMİ A.Ş.,Döviz Fon,2026-09-21T00:00:00.000Z,14567852,53,-511847.40911999997
ICV,TEB PORTFÖY ONDOKUZUNCU SERBEST FON,2,0.75,0.175,1,2,TEB PORTFÖY YÖNETİMİ A.Ş.,Kategorisiz,2026-09-21T00:00:00.000Z,6564260,49,0
ICZ,AK PORTFÖY TEKNOLOJİ ŞİRKETLERİ HİSSE SENEDİ (TL) FONU (HİSSE SENEDİ YOĞUN FON),6,2.9,0,1,2,AK PORTFÖY YÖNETİMİ A.Ş.,Tematik Hisse,2026-09-21T00:00:00.000Z,939842197,13459,-4803444.322896
IDD,LOGOS PORTFÖY DİNAMİK DAĞILIMLI SERBEST FON,4,2.09875,0.175,,,LOGOS PORTFÖY YÖNETİMİ A.Ş.,Kategorisiz,2026-09-21T00:00:00.000Z,28925280,6,-3238282.0097700004
IDF,İŞ PORTFÖY SERBEST (DÖVİZ) FON,,1,0.175,1,3,İŞ PORTFÖY YÖNETİMİ A.Ş.,Döviz Fon,2026-09-21T00:00:00.000Z,12665164393,4290,-126808976.605133
IDH,İŞ PORTFÖY BIST 100 DIŞI ŞİRKETLER HİSSE SENEDİ (TL) FONU (HİSSE SENEDİ YOĞUN FON),6,3.2,0,1,2,İŞ PORTFÖY YÖNETİMİ A.Ş.,Tematik Hisse,2026-09-21T00:00:00.000Z,788224911,19514,-7098812.449302
IDI,AZİMUT PORTFÖY İNŞAAT SEKTÖRÜ HİSSE SENEDİ FONU (HİSSE SENEDİ YOĞUN FON),6,2.95,0,1,2,AZİMUT PORTFÖY YÖNETİMİ A.Ş.,Tematik Hisse,2026-09-21T00:00:00.000Z,45079879,0,-6773861.575820999
IDL,AKTİF PORTFÖY PARA PİYASASI (TL) FONU,1,0.95,0.175,0,0,AKTİF PORTFÖY YÖNETİMİ A.Ş.,Para Piyasası,2026-09-21T00:00:00.000Z,3623810639,3685,-78062839.85551
IDO,İŞ PORTFÖY ONDOKUZUNCU SERBEST (DÖVİZ-AVRO) FON,,0.6,0.175,1,1,İŞ PORTFÖY YÖNETİMİ A.Ş.,Döviz Fon,2026-09-21T00:00:00.000Z,84738885184,15661,402084568.61311
IDY,TEB PORTFÖY İKİNCİ DEĞİŞKEN FON,4,2.5,0.175,1,2,TEB PORTFÖY YÖNETİMİ A.Ş.,Kategorisiz,2026-09-18T00:00:00.000Z,531768580,2448,-804839.508514
IED,İŞ PORTFÖY AGRESİF DEĞİŞKEN FON,6,2,0.175,1,2,İŞ PORTFÖY YÖNETİMİ A.Ş.,Kategorisiz,2026-09-21T00:00:00.000Z,61615176,1303,-6759898.463304
IEN,İSTANBUL PORTFÖY İNŞAAT SEKTÖRÜ HİSSE SENEDİ SERBEST (TL) FON (HİSSE SENEDİ YOĞUN FON),6,3.14265,0,1,2,İSTANBUL PORTFÖY YÖNETİMİ A.Ş.,Tematik Hisse,2026-09-21T00:00:00.000Z,12409451,86,-94189.72595200001
IEV,İŞ PORTFÖY HAVACILIK VE SAVUNMA TEKNOLOJİLERİ DEĞİŞKEN FON,6,2.5,0.175,1,3,İŞ PORTFÖY YÖNETİMİ A.Ş.,Teknoloji,2026-09-21T00:00:00.000Z,83582222,4197,-2799150.108196
IFN,TEB PORTFÖY SÜRDÜRÜLEBİLİRLİK HİSSE SENEDİ FONU (HİSSE SENEDİ YOĞUN FON),6,2,0,1,2,TEB PORTFÖY YÖNETİMİ A.Ş.,Tematik Hisse,2026-09-21T00:00:00.000Z,3758929,419,-62947.392426
IFV,TEB PORTFÖY BİRİNCİ KISA VADELİ BORÇLANMA ARAÇLARI (TL) FONU,2,1.7,0.175,0,0,TEB PORTFÖY YÖNETİMİ A.Ş.,Kısa Vadeli,2026-09-21T00:00:00.000Z,76618298,203,-80259.516573
IGZ,İŞ PORTFÖY İKİNCİ HİSSE SENEDİ SERBEST FON (HİSSE SENEDİ YOĞUN FON),,2,0,1,2,İŞ PORTFÖY YÖNETİMİ A.Ş.,Yerli Hisse,2026-09-21T00:00:00.000Z,25173591,3,0
IH1,İNCİR PORTFÖY BİRİNCİ HİSSE SENEDİ FONU (HİSSE SENEDİ YOĞUN FON),6,2.9,0,1,2,İNCİR PORTFÖY YÖNETİMİ A.Ş.,Yerli Hisse,2026-09-21T00:00:00.000Z,173576760,0,-12011.011125
IHA,ALLBATROS PORTFÖY İKİNCİ HİSSE SENEDİ (TL) FONU (HİSSE SENEDİ YOĞUN FON),6,2.75,0,1,2,ALLBATROSS PORTFÖY YÖNETİMİ A.Ş.,Yerli Hisse,2026-09-21T00:00:00.000Z,4644430,0,-139698.293177
IHC,INVEO PORTFÖY INTER SERBEST FON,6,2.28,0.175,1,3,INVEO PORTFÖY YÖNETİMİ A.Ş.,Kategorisiz,2026-09-21T00:00:00.000Z,387920205,427,-2284999.609524
IHK,İŞ PORTFÖY İŞ'TE KADIN HİSSE SENEDİ (TL) FONU (HİSSE SENEDİ YOĞUN FON),6,3.2,0,1,2,İŞ PORTFÖY YÖNETİMİ A.Ş.,Yerli Hisse,2026-09-21T00:00:00.000Z,1415684050,28263,-5328677.080117
IHP,İSTANBUL PORTFÖY İKİNCİ HİSSE SENEDİ SERBEST (TL) FON (HİSSE SENEDİ YOĞUN FON),6,3.150315,0,1,2,İSTANBUL PORTFÖY YÖNETİMİ A.Ş.,Yerli Hisse,2026-09-21T00:00:00.000Z,61454270,246,-70584.36921599999
IHT,İŞ PORTFÖY İHRACATÇI ŞİRKETLER HİSSE SENEDİ (TL) FONU (HİSSE SENEDİ YOĞUN FON),6,3.2,0,1,2,İŞ PORTFÖY YÖNETİMİ A.Ş.,Yerli Hisse,2026-09-21T00:00:00.000Z,69793463,3255,-490094.038583
IHV,INVEO PORTFÖY BEŞİNCİ HİSSE SENEDİ SERBEST FON (HİSSE SENEDİ YOĞUN FON),7,2.5,0,1,2,INVEO PORTFÖY YÖNETİMİ A.Ş.,Yerli Hisse,2026-09-21T00:00:00.000Z,175434214,32,-874.11072
IHZ,ALLBATROSS PORTFÖY İKİNCİ HİSSE SENEDİ SERBEST FON (HİSSE SENEDİ YOĞUN FON),7,3.15,0,1,2,ALLBATROSS PORTFÖY YÖNETİMİ A.Ş.,Yerli Hisse,2026-09-21T00:00:00.000Z,2359988,0,-78259.842204
IIE,BULLS PORTFÖY İKİNCİ SERBEST FON,7,2.5,0.175,1,2,BULLS PORTFÖY YÖNETİMİ A.Ş.,Kategorisiz,2026-09-18T00:00:00.000Z,328633230,3201,-9936553.358828
IIH,İSTANBUL PORTFÖY ÜÇÜNCÜ HİSSE SENEDİ FONU (HİSSE SENEDİ YOĞUN FON),7,2.5,0,1,2,İSTANBUL PORTFÖY YÖNETİMİ A.Ş.,Yerli Hisse,2026-09-21T00:00:00.000Z,1635019076,20940,-34653358.25688
IIN,INVEO PORTFÖY PARA PİYASASI SERBEST (TL) FON,2,1.05,0.175,0,0,INVEO PORTFÖY YÖNETİMİ A.Ş.,Serbest Para Piyasası Fonları,2026-09-21T00:00:00.000Z,1363618749,112,17215536.785291
IJA,INVEO PORTFÖY ATAK DEĞİŞKEN FON,5,2,0.175,1,2,INVEO PORTFÖY YÖNETİMİ A.Ş.,Kategorisiz,2026-09-21T00:00:00.000Z,168047565,1191,-1265348.996766
IJB,İŞ PORTFÖY DİJİTAL OYUN SEKTÖRÜ KARMA FON,6,2.75,0.175,1,3,İŞ PORTFÖY YÖNETİMİ A.Ş.,Teknoloji,2026-09-21T00:00:00.000Z,207408338,6896,-2590025.306
IJC,İŞ PORTFÖY YARI İLETKEN TEKNOLOJİLERİ DEĞİŞKEN FON,6,2.5,0.175,1,3,İŞ PORTFÖY YÖNETİMİ A.Ş.,Teknoloji,2026-09-21T00:00:00.000Z,3979985963,43199,-46479335.14442
IJI,İSTANBUL PORTFÖY HİSSE SENEDİ SERBEST (TL) FON (HİSSE SENEDİ YOĞUN FON),7,2.624879,0,1,2,İSTANBUL PORTFÖY YÖNETİMİ A.Ş.,Yerli Hisse,2026-09-21T00:00:00.000Z,196327754,251,-1131144.674856
IJP,İŞ PORTFÖY BLOCKCHAİN TEKNOLOJİLERİ KARMA FON,6,2.75,0.175,1,3,İŞ PORTFÖY YÖNETİMİ A.Ş.,Teknoloji,2026-09-21T00:00:00.000Z,624151797,12523,-3624053.1024599997
IJT,İŞ PORTFÖY TARIM SERBEST FON,6,2.5,0.175,1,3,İŞ PORTFÖY YÖNETİMİ A.Ş.,Tarım - Gıda,2026-09-21T00:00:00.000Z,1250452425,1620,4728820.43717
IJV,İSTANBUL PORTFÖY BİRİNCİ PARA PİYASASI (TL) FONU,1,1.05,0.175,0,0,İSTANBUL PORTFÖY YÖNETİMİ A.Ş.,Para Piyasası,2026-09-21T00:00:00.000Z,3291361850,2627,-60255654.19589
IJZ,İŞ PORTFÖY SİBER GÜVENLİK TEKNOLOJİLERİ DEĞİŞKEN FON,6,2.5,0.175,1,3,İŞ PORTFÖY YÖNETİMİ A.Ş.,Teknoloji,2026-09-21T00:00:00.000Z,899811451,15662,-6218225.274562
IKL,İŞ PORTFÖY SAĞLIK ŞİRKETLERİ KARMA FON,6,2.75,0.175,1,3,İŞ PORTFÖY YÖNETİMİ A.Ş.,Sağlık - İlaç,2026-09-21T00:00:00.000Z,253796081,5334,-224538.18273
IKP,İŞ PORTFÖY YENİLENEBİLİR ENERJİ KARMA FON,6,2.5,0.175,1,3,İŞ PORTFÖY YÖNETİMİ A.Ş.,Sürdürülebilirlik,2026-09-21T00:00:00.000Z,1027724586,12484,63235283.359831996
IKV,İŞ PORTFÖY İKİNCİ KISA VADELİ BORÇLANMA ARAÇLARI (TL) FONU,1,2,0.175,0,0,İŞ PORTFÖY YÖNETİMİ A.Ş.,Kısa Vadeli,2026-09-21T00:00:00.000Z,324153808,1233,2084922.4221720002
ILU,İSTANBUL PORTFÖY ONALTINCI SERBEST FON,6,0.2107875,0.175,,,İSTANBUL PORTFÖY YÖNETİMİ A.Ş.,Kategorisiz,2026-09-21T00:00:00.000Z,2180891167,4,0
ILZ,İŞ PORTFÖY TEMKİNLİ FON SEPETİ FONU,2,2.5,0.175,1,3,İŞ PORTFÖY YÖNETİMİ A.Ş.,Kategorisiz,2026-09-21T00:00:00.000Z,1088124158,6316,-279646.58571500005
IMB,İSTANBUL PORTFÖY ALGORİTMİK MODEL HİSSE SENEDİ FONU (HİSSE SENEDİ YOĞUN FON),5,2.624994225,0,1,2,İSTANBUL PORTFÖY YÖNETİMİ A.Ş.,Yerli Hisse,2026-09-21T00:00:00.000Z,3942639,171,-58666.568112
IMF,İSTANBUL PORTFÖY MAESTRO SERBEST FON,5,3.15,0.175,,,İSTANBUL PORTFÖY YÖNETİMİ A.Ş.,Kategorisiz,2026-09-21T00:00:00.000Z,385149316,19,0
IML,İŞ PORTFÖY MODEL PORTFÖY HİSSE SENEDİ (TL) FONU (HİSSE SENEDİ YOĞUN FON),6,3.2,0,1,2,İŞ PORTFÖY YÖNETİMİ A.Ş.,Yerli Hisse,2026-09-21T00:00:00.000Z,838897561,4432,-1424805.6511199998
IOG,İŞ PORTFÖY GÜMÜŞ SERBEST FON,7,2.5,0.175,1,3,İŞ PORTFÖY YÖNETİMİ A.Ş.,Gümüş Fonları,2026-09-21T00:00:00.000Z,13241240769,18171,-260084765.93459103
IOO,İŞ PORTFÖY İKİNCİ PARA PİYASASI (TL) FON,2,1.05,0.175,0,0,İŞ PORTFÖY YÖNETİMİ A.Ş.,Para Piyasası,2026-09-21T00:00:00.000Z,30608431107,9019,1425334289.0662618
IPB,İSTANBUL PORTFÖY BİRİNCİ DEĞİŞKEN FON,6,2.10021,0.175,1,2,İSTANBUL PORTFÖY YÖNETİMİ A.Ş.,Kategorisiz,2026-09-21T00:00:00.000Z,859527628,14526,-23008505.21045
IPG,İŞ PORTFÖY ATAK FON SEPETİ FONU,5,2.5,0.175,1,3,İŞ PORTFÖY YÖNETİMİ A.Ş.,Kategorisiz,2026-09-21T00:00:00.000Z,352018341,1709,-178767.684
IPJ,İŞ PORTFÖY ELEKTRİKLİ ARAÇLAR KARMA FON,6,2.5,0.175,1,3,İŞ PORTFÖY YÖNETİMİ A.Ş.,Teknoloji,2026-09-21T00:00:00.000Z,1236625839,18162,-12052481.380490001
IPV,İŞ PORTFÖY EUROBOND BORÇLANMA ARAÇLARI (DÖVİZ) FONU,,2,0.175,1,3,İŞ PORTFÖY YÖNETİMİ A.Ş.,Döviz Fon,2026-09-21T00:00:00.000Z,2087549871,11861,-3519450.1058859997
IRB,İSTANBUL PORTFÖY İSTATİSTİKSEL ARBİTRAJ HİSSE SENEDİ SERBEST FON (HİSSE SENEDİ YOĞUN FON),3,3.150315,0,1,2,İSTANBUL PORTFÖY YÖNETİMİ A.Ş.,Serbest İstatistiksel Arbitraj Fonları,2026-09-18T00:00:00.000Z,1297399095,697,29362398.0585
IRF,İSTANBUL PORTFÖY BİRİNCİ FON SEPETİ FONU,3,2,0.175,1,2,İSTANBUL PORTFÖY YÖNETİMİ A.Ş.,Kategorisiz,2026-09-18T00:00:00.000Z,509916291,1898,-6408153.744228
IRO,İSTANBUL PORTFÖY ROBOTİK TEKNOLOJİLERİ SERBEST FON,6,3.150315,0.175,1,3,İSTANBUL PORTFÖY YÖNETİMİ A.Ş.,Teknoloji,2026-09-21T00:00:00.000Z,36012223,71,-3148144.96
IRT,INVEO PORTFÖY TEKNOLOJİ DEĞİŞKEN FON,6,1.95,0.175,1,3,INVEO PORTFÖY YÖNETİMİ A.Ş.,Teknoloji,2026-09-21T00:00:00.000Z,124803261,1514,-767726.496186
IRV,İSTANBUL PORTFÖY İSTATİSTİKSEL ARBİTRAJ SERBEST FON,3,3,0.175,1,2,İSTANBUL PORTFÖY YÖNETİMİ A.Ş.,Serbest İstatistiksel Arbitraj Fonları,2026-09-21T00:00:00.000Z,384187998,80,-51634295.36628
IRY,INVEO PORTFÖY PARA PİYASASI (TL) FONU,1,0.89,0.175,0,0,INVEO PORTFÖY YÖNETİMİ A.Ş.,Para Piyasası,2026-09-21T00:00:00.000Z,1770568642,2181,-110117702.749127
IST,İSTANBUL PORTFÖY KISA VADELİ BORÇLANMA ARAÇLARI (TL) FONU,1,1.6,0.175,0,0,İSTANBUL PORTFÖY YÖNETİMİ A.Ş.,Kısa Vadeli,2026-09-21T00:00:00.000Z,1723555062,3015,-86922088.135939
ITC,INVEO PORTFÖY TEMETTÜ ÖDEYEN ŞİRKETLER HİSSE SENEDİ (TL) FONU (HİSSE SENEDİ YOĞUN FON),6,2.5,0,1,2,INVEO PORTFÖY YÖNETİMİ A.Ş.,Yerli Hisse,2026-09-21T00:00:00.000Z,29773652,270,-74204.9924
ITP,İŞ PORTFÖY TEKNOLOJİ KARMA FON,6,2.75,0.175,1,3,İŞ PORTFÖY YÖNETİMİ A.Ş.,Teknoloji,2026-09-21T00:00:00.000Z,1007412091,11259,-4332178.85822
IUF,İŞ PORTFÖY YEDİNCİ SERBEST (DÖVİZ-AVRO) FON,,0.5,0.175,1,3,İŞ PORTFÖY YÖNETİMİ A.Ş.,Döviz Fon,2026-09-21T00:00:00.000Z,22037066166,7626,190899237.097244
IUH,INVEO PORTFÖY DÖNÜŞTÜRÜCÜ TEKNOLOJİLER FON SEPETİ FONU,5,2,0.175,1,3,INVEO PORTFÖY YÖNETİMİ A.Ş.,Teknoloji,2026-09-21T00:00:00.000Z,11426315,700,-160137.148321
IUV,İŞ PORTFÖY BEŞİNCİ SERBEST (DÖVİZ) FON,,1,0.175,1,3,İŞ PORTFÖY YÖNETİMİ A.Ş.,Döviz Fon,2026-09-21T00:00:00.000Z,20849041593,6285,-54968210.045664
IV8,INVEO PORTFÖY KİRA SERTİFİKALARI KATILIM FONU,2,1.5,0.175,1,1,INVEO PORTFÖY YÖNETİMİ A.Ş.,Kira Sertifikaları,2026-09-21T00:00:00.000Z,32917614,130,-13528.33428
IVF,İSTANBUL PORTFÖY KATILIM HİSSE SENEDİ (TL) FONU (HİSSE SENEDİ YOĞUN FON),6,2.5,0,1,2,İSTANBUL PORTFÖY YÖNETİMİ A.Ş.,Yerli Hisse,2026-09-21T00:00:00.000Z,72159865,1268,-1834162.3399679998
IVY,İSTANBUL PORTFÖY BLOCKCHAIN TEKNOLOJİLERİ DEĞİŞKEN FON,6,2.5,0.175,1,3,İSTANBUL PORTFÖY YÖNETİMİ A.Ş.,Teknoloji,2026-09-21T00:00:00.000Z,679994018,12810,-28553997.815374
IYB,AURA PORTFÖY DEĞİŞKEN FON,4,2.4,0.175,1,1,AURA PORTFÖY YÖNETİMİ A.Ş.,Kategorisiz,2026-09-21T00:00:00.000Z,85100034,56,-550192.4545
IYV,İSTANBUL PORTFÖY AŞİYAN SERBEST FON,6,3.15,0.175,1,2,İSTANBUL PORTFÖY YÖNETİMİ A.Ş.,Kategorisiz,2026-09-21T00:00:00.000Z,177648584,61,-53990.254303999995
IZB,İSTANBUL PORTFÖY BİRİNCİ FON SEPETİ SERBEST FON,5,2.5,0.175,1,2,İSTANBUL PORTFÖY YÖNETİMİ A.Ş.,Kategorisiz,2026-09-21T00:00:00.000Z,186002420,79,-1394855.41033
IZS,İSTANBUL PORTFÖY ALTINCI SERBEST FON,7,3,0.175,1,2,İSTANBUL PORTFÖY YÖNETİMİ A.Ş.,Kategorisiz,2026-09-21T00:00:00.000Z,117779386,107,-26408489.332096
JET,ATA PORTFÖY HAVACILIK VE SAVUNMA TEKNOLOJİLERİ DEĞİŞKEN FONU,6,2.5,0.175,1,3,ATA PORTFÖY YÖNETİMİ A.Ş.,Teknoloji,2026-09-18T00:00:00.000Z,460620798,16461,-5326727.797777001
JUP,AURA PORTFÖY JÜPİTER SERBEST (DÖVİZ) FON,6,1.95,0.175,1,3,AURA PORTFÖY YÖNETİMİ A.Ş.,Döviz Fon,2026-09-21T00:00:00.000Z,54886955,14,-241771.9296
KAV,KUVEYT TÜRK PORTFÖY ALTINCI KATILIM SERBEST (DÖVİZ-AVRO) FON,,0.3,0.175,1,1,KUVEYT TÜRK PORTFÖY YÖNETİMİ A.Ş.,Serbest Katılım Fonları,2026-09-18T00:00:00.000Z,17879999645,5655,-71939399.84221199
KCL,KARE PORTFÖY ÇOKLU VARLIK KATILIM FONU,6,0.25,0.175,1,2,KARE PORTFÖY YÖNETİMİ A.Ş.,Kategorisiz,2026-09-18T00:00:00.000Z,10906525,164,-549.3464180000001
KCR,AK PORTFÖY KÜLÇE ALTIN KATILIM FONU,6,1.5,,1,1,AK PORTFÖY YÖNETİMİ A.Ş.,Altın Fonları,2026-09-21T00:00:00.000Z,87975220,498,334225.12879099994
KCV,KUVEYT TÜRK PORTFÖY ÇOKLU VARLIK KATILIM FONU,2,2.5,0.175,1,2,KUVEYT TÜRK PORTFÖY YÖNETİMİ A.Ş.,Kategorisiz,2026-09-18T00:00:00.000Z,2797281659,13504,-187949500.053168
KDE,KUVEYT TÜRK PORTFÖY DENGELİ KATILIM FONU,3,1.75,0.175,1,2,KUVEYT TÜRK PORTFÖY YÖNETİMİ A.Ş.,Kategorisiz,2026-09-18T00:00:00.000Z,721749933,4056,-14290153.843661001
KDL,KUVEYT TÜRK PORTFÖY BEŞİNCİ KATILIM SERBEST (DÖVİZ) FON,,0.3,0.175,1,1,KUVEYT TÜRK PORTFÖY YÖNETİMİ A.Ş.,Serbest Katılım Fonları,2026-09-18T00:00:00.000Z,25587742192,7015,-14785721.045352
KDO,İŞ PORTFÖY KATILIM SERBEST (DÖVİZ-AVRO) FON,,0.6,0.175,1,3,İŞ PORTFÖY YÖNETİMİ A.Ş.,Serbest Katılım Fonları,2026-09-21T00:00:00.000Z,1148207486,501,-3711221.733826
KDT,GARANTİ PORTFÖY KATILIM SERBEST (DÖVİZ) FON,,0.4,0.175,1,2,GARANTİ PORTFÖY YÖNETİMİ A.Ş.,Serbest Katılım Fonları,2026-09-21T00:00:00.000Z,3270485403,1023,-11737147.876875
KGM,KUVEYT TÜRK PORTFÖY GÜMÜŞ KATILIM FON SEPETİ FONU,6,1.8,0.175,1,2,KUVEYT TÜRK PORTFÖY YÖNETİMİ A.Ş.,Gümüş Fonları,2026-09-18T00:00:00.000Z,2929582932,30127,-6609185.6541
KH1,AK PORTFÖY KATILIM HİSSE SENEDİ FONU (HİSSE SENEDİ YOĞUN FON),6,3.2,0,1,2,AK PORTFÖY YÖNETİMİ A.Ş.,Yerli Hisse,2026-09-21T00:00:00.000Z,90677459,852,-931178.3542020001
KHA,PARDUS PORTFÖY İKİNCİ HİSSE SENEDİ (TL) FONU (HİSSE SENEDİ YOĞUN FON),6,1.5,0,1,2,PARDUS PORTFÖY YÖNETİMİ A.Ş.,Yerli Hisse,2026-09-21T00:00:00.000Z,2394507110,0,-138149819.874573
KHB,KARE PORTFÖY BİST 100 DIŞI ŞİRKETLER HİSSE SENEDİ FONU (HİSSE SENEDİ YOĞUN FON),7,2.92,0,1,2,KARE PORTFÖY YÖNETİMİ A.Ş.,Tematik Hisse,2026-09-18T00:00:00.000Z,12793998,222,-114911.217198
KHC,PARDUS PORTFÖY KATILIM HİSSE SENEDİ (TL) FONU (HİSSE SENEDİ YOĞUN FON),6,1.5,0,1,2,PARDUS PORTFÖY YÖNETİMİ A.Ş.,Yerli Hisse,2026-09-21T00:00:00.000Z,37559473,0,32711.132922
KHJ,ATLAS PORTFÖY KATILIM HİSSE SENEDİ FONU(HİSSE SENEDİ YOĞUN FON),6,2,0,1,2,ATLAS PORTFÖY YÖNETİMİ A.Ş.,Yerli Hisse,2026-09-18T00:00:00.000Z,13106233,436,-479014.09905799996
KHT,ALLBATROSS PORTFÖY KARTAL HİSSE SENEDİ SERBEST (TL) FON (HİSSE SENEDİ YOĞUN FON),7,3,0,1,2,ALLBATROSS PORTFÖY YÖNETİMİ A.Ş.,Yerli Hisse,2026-09-21T00:00:00.000Z,5262638,0,-9407.389371
KIA,TRIVE PORTFÖY MUTLAK GETİRİ HEDEFLİ DEĞİŞKEN FON,6,2.15,0.175,1,2,TRIVE PORTFÖY YÖNETİMİ A.Ş.,Mutlak Getiri Hedefli,2026-09-21T00:00:00.000Z,5111687,0,-313634.97984000004
KIB,TRIVE PORTFÖY ROBOTİK TEKNOLOJİLERİ DEĞİŞKEN FON,6,2.5,0.175,1,3,TRIVE PORTFÖY YÖNETİMİ A.Ş.,Teknoloji,2026-09-21T00:00:00.000Z,10354435,0,-62663.234048000006
KIE,TRIVE PORTFÖY PARA PİYASASI (TL) FONU,2,1.13,0.175,0,0,TRIVE PORTFÖY YÖNETİMİ A.Ş.,Para Piyasası,2026-09-21T00:00:00.000Z,369499282,0,-6210960.613492999
KIH,KARE PORTFÖY İSTATİSTİKSEL ARBİTRAJ SERBEST FON,2,4,0.175,1,2,KARE PORTFÖY YÖNETİMİ A.Ş.,Serbest İstatistiksel Arbitraj Fonları,2026-09-18T00:00:00.000Z,61008136,24,0
KIK,KUVEYT TÜRK PORTFÖY İKİNCİ KATILIM FONU,6,2.5,0.175,1,2,KUVEYT TÜRK PORTFÖY YÖNETİMİ A.Ş.,Kategorisiz,2026-09-18T00:00:00.000Z,155748866,1352,-241754.752736
KIS,ASTRA PORTFÖY KİRA SERTİFİKASI KATILIM (DÖVİZ) FONU,6,1.25195,0.175,1,3,ASTRA PORTFÖY YÖNETİMİ A.Ş.,Döviz Fon,2026-09-21T00:00:00.000Z,89288567,839,-807676.7054399999
KKC,KARE PORTFÖY KATILIM SERBEST (DÖVİZ-AVRO) FON,4,0.5,0.175,1,3,KARE PORTFÖY YÖNETİMİ A.Ş.,Serbest Katılım Fonları,2026-09-18T00:00:00.000Z,42500614,52,-2781395.226504
KKH,İŞ PORTFÖY DENGELİ FON SEPETİ FONU,4,2.5,0.175,1,3,İŞ PORTFÖY YÖNETİMİ A.Ş.,Kategorisiz,2026-09-21T00:00:00.000Z,515735784,4978,-525718.701508
KKL,ALLBATROSS PORTFÖY KISA VADELİ KATILIM SERBEST (TL) FON,1,2,0.175,0,0,ALLBATROSS PORTFÖY YÖNETİMİ A.Ş.,Serbest Katılım Fonları,2026-09-21T00:00:00.000Z,3304720648,0,-163746132.76238
KLH,ATLAS PORTFÖY KATILIM HİSSE SENEDİ SERBEST FON (HİSSE SENEDİ YOĞUN FON),7,1.5,0,1,2,ATLAS PORTFÖY YÖNETİMİ A.Ş.,Yerli Hisse,2026-09-18T00:00:00.000Z,88616065,1826,-1291072.362054
KLI,AK PORTFÖY PARA PİYASASI KATILIM SERBEST FON,1,0.39,0.175,0,0,AK PORTFÖY YÖNETİMİ A.Ş.,Serbest Katılım Fonları,2026-09-21T00:00:00.000Z,94091474,0,-1397206.0450799998
KLS,ALLBATROSS PORTFÖY KATILIM SERBEST (DÖVİZ) FON,6,0.3,0.175,1,3,ALLBATROSS PORTFÖY YÖNETİMİ A.Ş.,Serbest Katılım Fonları,2026-09-21T00:00:00.000Z,213013,0,0
KLU,KUVEYT TÜRK PORTFÖY PARA PİYASASI KATILIM (TL) FONU,1,1.3,0.175,0,0,KUVEYT TÜRK PORTFÖY YÖNETİMİ A.Ş.,Para Piyasası,2026-09-18T00:00:00.000Z,91541913932,109910,-99126501.16272001
KME,KUVEYT TÜRK PORTFÖY TEMKİNLİ KATILIM FONU,2,1.4,0.175,1,1,KUVEYT TÜRK PORTFÖY YÖNETİMİ A.Ş.,Kategorisiz,2026-09-18T00:00:00.000Z,145173441,1247,-865630.913124
KMF,AZİMUT PORTFÖY ALTIN KATILIM FONU,6,1.6905,0.175,1,2,AZİMUT PORTFÖY YÖNETİMİ A.Ş.,Altın Fonları,2026-09-21T00:00:00.000Z,1749774985,0,-48966442.474054
KMN,YAPI KREDİ PORTFÖY KIYMETLİ MADENLER KATILIM FONU,6,1.8,0.175,1,1,YAPI KREDİ PORTFÖY YÖNETİMİ A.Ş.,Kategorisiz,2026-09-21T00:00:00.000Z,466359286,3666,-3107275.240104
KNI,AZİMUT PORTFÖY İKİNCİ PARA PİYASASI SERBEST (TL) FON,2,3,0.175,0,0,AZİMUT PORTFÖY YÖNETİMİ A.Ş.,Serbest Para Piyasası Fonları,2026-09-21T00:00:00.000Z,10139330346,0,229847998.086
KNJ,KUVEYT TÜRK PORTFÖY ENERJİ KATILIM FONU,5,2.4,0.175,1,2,KUVEYT TÜRK PORTFÖY YÖNETİMİ A.Ş.,Kategorisiz,2026-09-18T00:00:00.000Z,1222383761,16270,28656447.7203
KOD,YAPI KREDİ PORTFÖY KÜÇÜK ÖLÇEKLİ ŞİRKETLER DEĞİŞKEN FON,5,2.5,0.175,1,2,YAPI KREDİ PORTFÖY YÖNETİMİ A.Ş.,Kategorisiz,2026-09-21T00:00:00.000Z,51472858,440,-83391.150388
KOT,AZİMUT PORTFÖY KOÇ TOPLULUĞU ŞİRKETLERİ HİSSE SENEDİ FONU (HİSSE SENEDİ YOĞUN FON),6,1.05,0,1,2,AZİMUT PORTFÖY YÖNETİMİ A.Ş.,Tematik Hisse,2026-09-21T00:00:00.000Z,155764153,0,-4405117.58043
KP3,KARE PORTFÖY ÜÇÜNCÜ SERBEST (DÖVİZ) FON,6,0.5,0.175,1,3,KARE PORTFÖY YÖNETİMİ A.Ş.,Döviz Fon,2026-09-18T00:00:00.000Z,11202543,10,-2814025.237816
KPA,KUVEYT TÜRK PORTFÖY KAR PAYI ÖDEYEN KATILIM HİSSE SENEDİ FONU (HİSSE SENEDİ YOĞUN FON),6,2.75,0,1,2,KUVEYT TÜRK PORTFÖY YÖNETİMİ A.Ş.,Yerli Hisse,2026-09-18T00:00:00.000Z,527138133,14088,-2775349.395504
KPC,KUVEYT TÜRK PORTFÖY KATILIM HİSSE SENEDİ (TL) FONU (HİSSE SENEDİ YOĞUN FON),6,2.4,0,1,2,KUVEYT TÜRK PORTFÖY YÖNETİMİ A.Ş.,Yerli Hisse,2026-09-18T00:00:00.000Z,4657421039,24899,41428738.889059
KPD,KUVEYT TÜRK PORTFÖY KAR PAYI ÖDEYEN KATILIM SERBEST (DÖViZ) FON,,0.8,0.175,1,2,KUVEYT TÜRK PORTFÖY YÖNETİMİ A.Ş.,Kar Payı Ödeyen Fonlar,2026-09-18T00:00:00.000Z,304629847,545,-54313.564449000005
KPF,NEO PORTFÖY MUTLAK GETİRİ HEDEFLİ HİSSE SENEDİ SERBEST FON (HİSSE SENEDİ YOĞUN FON),5,3,0,1,2,NEO PORTFÖY YÖNETİMİ A.Ş.,Mutlak Getiri Hedefli,2026-09-21T00:00:00.000Z,145008479,0,-3040369.387851
KPH,İŞ PORTFÖY KAR PAYI ÖDEYEN HİSSE SENEDİ (TL) FONU (HİSSE SENEDİ YOĞUN FON),6,3.2,0,1,2,İŞ PORTFÖY YÖNETİMİ A.Ş.,Yerli Hisse,2026-09-21T00:00:00.000Z,512915845,11478,-641781.955382
KPI,İŞ PORTFÖY PARA PİYASASI KATILIM (TL) FONU,1,1.3,0.175,0,0,İŞ PORTFÖY YÖNETİMİ A.Ş.,Para Piyasası,2026-09-21T00:00:00.000Z,6191851999,7099,-117897217.615608
KPP,KARE PORTFÖY PARA PİYASASI FONU,1,1.09,0.175,0,0,KARE PORTFÖY YÖNETİMİ A.Ş.,Para Piyasası,2026-09-18T00:00:00.000Z,386476436,606,-16789567.779262
KPU,KUVEYT TÜRK PORTFÖY İKİNCİ KATILIM HİSSE SENEDİ (TL) FONU (HİSSE SENEDİ YOĞUN FON),6,2.2,0,1,2,KUVEYT TÜRK PORTFÖY YÖNETİMİ A.Ş.,Yerli Hisse,2026-09-18T00:00:00.000Z,531448084,6079,-708626.306064
KRC,KARE PORTFÖY BİRİNCİ BORÇLANMA ARAÇLARI FONU,2,1.46,0.175,1,1,KARE PORTFÖY YÖNETİMİ A.Ş.,Kategorisiz,2026-09-18T00:00:00.000Z,30285772,144,-29821.199999999997
KRF,KARE PORTFÖY BİRİNCİ DEĞİŞKEN FON,5,2.19,0.175,1,2,KARE PORTFÖY YÖNETİMİ A.Ş.,Kategorisiz,2026-09-18T00:00:00.000Z,49269996,576,-141613.811889
KRR,İŞ PORTFÖY KARMA FON,5,2.25,0.175,1,2,İŞ PORTFÖY YÖNETİMİ A.Ş.,Kategorisiz,2026-09-21T00:00:00.000Z,26639273,668,-372066.010838
KRS,KARE PORTFÖY SERBEST (DÖVİZ) FON,5,2.55,0.175,1,3,KARE PORTFÖY YÖNETİMİ A.Ş.,Döviz Fon,2026-09-18T00:00:00.000Z,1435381245,1064,-9739482.045612
KRT,KARE PORTFÖY TÜRKİYE ODAKLI SERBEST (DÖVİZ) FON,3,1.095,0.175,1,3,KARE PORTFÖY YÖNETİMİ A.Ş.,Döviz Fon,2026-09-18T00:00:00.000Z,795787957,165,-446872.785824
KSA,HEDEF PORTFÖY KISA VADELİ SERBEST (TL) FON,2,2.25,0.175,0,0,HEDEF PORTFÖY YÖNETİMİ A.Ş.,Kısa Vadeli,2026-09-18T00:00:00.000Z,12549991345,3896,-2750879591.019747
KSK,AZİMUT PORTFÖY İKİNCİ PARA PİYASASI KATILIM FONU,2,1.05,0.175,0,0,AZİMUT PORTFÖY YÖNETİMİ A.Ş.,Para Piyasası,2026-09-21T00:00:00.000Z,4731614987,0,-100140332.93972799
KSR,KUVEYT TÜRK PORTFÖY SÜRDÜRÜLEBİLİRLİK KATILIM FONU,5,2,0.175,1,2,KUVEYT TÜRK PORTFÖY YÖNETİMİ A.Ş.,Sürdürülebilirlik,2026-09-18T00:00:00.000Z,160091967,3799,168733.246044
KST,ALLBATROSS PORTFÖY KATILIM HİSSE SENEDİ (TL) FONU (HİSSE SENEDİ YOĞUN FON),6,2.625,0,1,2,ALLBATROSS PORTFÖY YÖNETİMİ A.Ş.,Yerli Hisse,2026-09-21T00:00:00.000Z,7732920,0,-598048.15941
KSV,KUVEYT TÜRK PORTFÖY KISA VADELİ KATILIM SERBEST (TL) FON,1,1.4,0.175,0,0,KUVEYT TÜRK PORTFÖY YÖNETİMİ A.Ş.,Serbest Katılım Fonları,2026-09-18T00:00:00.000Z,39062908263,9747,-53668530.446796
KTI,AZİMUT PORTFÖY KATILIM HİSSE SENEDİ FONU (HİSSE SENEDİ YOĞUN FON),6,2.625,0,1,2,AZİMUT PORTFÖY YÖNETİMİ A.Ş.,Yerli Hisse,2026-09-21T00:00:00.000Z,95624787,0,-38404.114
KTJ,KUVEYT TÜRK PORTFÖY TEKNOLOJİ KATILIM FONU,6,2.4,0.175,1,2,KUVEYT TÜRK PORTFÖY YÖNETİMİ A.Ş.,Teknoloji,2026-09-18T00:00:00.000Z,1517259599,21119,-15399740.041944
KTM,KUVEYT TÜRK PORTFÖY BİRİNCİ KATILIM (TL) FONU,3,2.1,0.175,1,2,KUVEYT TÜRK PORTFÖY YÖNETİMİ A.Ş.,Kategorisiz,2026-09-18T00:00:00.000Z,698032590,5914,-2289525.280939
KTN,KUVEYT TÜRK PORTFÖY KİRA SERTİFİKALARI KATILIM (TL) FONU,2,1.5,0.175,1,1,KUVEYT TÜRK PORTFÖY YÖNETİMİ A.Ş.,Kira Sertifikaları,2026-09-18T00:00:00.000Z,407505434,4266,-10922162.983884
KTR,KUVEYT TÜRK PORTFÖY BİRİNCİ KATILIM SERBEST (TL) FON,1,1,0.175,1,1,KUVEYT TÜRK PORTFÖY YÖNETİMİ A.Ş.,Serbest Katılım Fonları,2026-09-18T00:00:00.000Z,25093464333,614,33479379.577172
KTS,KUVEYT TÜRK PORTFÖY KATILIM HİSSE SENEDİ SERBEST FON (HİSSE SENEDİ YOĞUN FON),5,2.1,0,1,2,KUVEYT TÜRK PORTFÖY YÖNETİMİ A.Ş.,Yerli Hisse,2026-09-18T00:00:00.000Z,140998116,825,-5893401.33572
KTT,KUVEYT TÜRK PORTFÖY DÖRDÜNCÜ KATILIM SERBEST (DÖVİZ) FON,,0.6,0.175,1,2,KUVEYT TÜRK PORTFÖY YÖNETİMİ A.Ş.,Serbest Katılım Fonları,2026-09-18T00:00:00.000Z,5228362494,1432,8921353.713998001
KTV,KUVEYT TÜRK PORTFÖY KISA VADELİ KİRA SERTİFİKALARI KATILIM (TL) FONU,1,1.5,0.175,0,0,KUVEYT TÜRK PORTFÖY YÖNETİMİ A.Ş.,Kira Sertifikaları,2026-09-18T00:00:00.000Z,38494969962,47082,-790259284.127691
KU3,KUVEYT TÜRK PORTFÖY ÜÇÜNCÜ KATILIM FONU,5,2.2,0.175,1,2,KUVEYT TÜRK PORTFÖY YÖNETİMİ A.Ş.,Kategorisiz,2026-09-18T00:00:00.000Z,270119918,2863,-2301365.107184
KUA,KUVEYT TÜRK PORTFÖY AGRESİF KATILIM FONU,5,2.5,0.175,1,2,KUVEYT TÜRK PORTFÖY YÖNETİMİ A.Ş.,Kategorisiz,2026-09-18T00:00:00.000Z,94281525,2049,-980757.3341849999
KUB,KARE PORTFÖY DEĞİŞKEN (DÖVİZ) FON,6,2.19,0.175,1,3,KARE PORTFÖY YÖNETİMİ A.Ş.,Döviz Fon,2026-09-18T00:00:00.000Z,562177391,3531,-726243.147915
KUD,KUVEYT TÜRK PORTFÖY DİNAMİK KATILIM FONU,3,2,0.175,1,2,KUVEYT TÜRK PORTFÖY YÖNETİMİ A.Ş.,Kategorisiz,2026-09-18T00:00:00.000Z,274824516,2854,141342.58131
KUT,KUVEYT TÜRK PORTFÖY KIYMETLİ MADENLER KATILIM FONU,6,1.8,0.175,1,1,KUVEYT TÜRK PORTFÖY YÖNETİMİ A.Ş.,Kategorisiz,2026-09-18T00:00:00.000Z,7546273443,40267,-23196841.432206
KVK,HEDEF PORTFÖY KATILIM İSTATİSTİKSEL ARBİTRAJ SERBEST FON,2,3.75,0.175,1,2,HEDEF PORTFÖY YÖNETİMİ A.Ş.,Serbest İstatistiksel Arbitraj Fonları,2026-09-18T00:00:00.000Z,864477035,131,-146090.678752
KVR,ATLAS PORTFÖY KISA VADELİ KATILIM SERBEST FON,2,1.2,0.175,0,0,ATLAS PORTFÖY YÖNETİMİ A.Ş.,Serbest Katılım Fonları,2026-09-18T00:00:00.000Z,106353887,42,0
KVS,AZİMUT PORTFÖY KISA VADELİ SERBEST (TL) FON,2,0.38325,0.175,0,0,AZİMUT PORTFÖY YÖNETİMİ A.Ş.,Kısa Vadeli,2026-09-21T00:00:00.000Z,19565743547,0,-2763943640.653404
KVT,AK PORTFÖY ENERJİ ŞİRKETLERİ HİSSE SENEDİ (TL) FONU (HİSSE SENEDİ YOĞUN FON),6,2.9,0,1,2,AK PORTFÖY YÖNETİMİ A.Ş.,Yerli Hisse,2026-09-21T00:00:00.000Z,92247706,2058,-764896.6116150001
KYA,KARE PORTFÖY HİSSE SENEDİ FONU (HİSSE SENEDİ YOĞUN FON),6,2.92,0,1,2,KARE PORTFÖY YÖNETİMİ A.Ş.,Yerli Hisse,2026-09-18T00:00:00.000Z,60542423,1471,-27449.0305
KYS,KARE PORTFÖY YEDİNCİ SERBEST (DÖVİZ) FON,3,0.5,0.175,1,3,KARE PORTFÖY YÖNETİMİ A.Ş.,Döviz Fon,2026-09-18T00:00:00.000Z,11214446,18,0
KZL,KUVEYT TÜRK PORTFÖY ALTIN KATILIM FONU,,0.3,0.175,1,1,KUVEYT TÜRK PORTFÖY YÖNETİMİ A.Ş.,Altın Fonları,2026-09-18T00:00:00.000Z,88639769251,65314,-60430839.993200004
KZU,KUVEYT TÜRK PORTFÖY İKİNCİ ALTIN KATILIM FONU,6,1.5,0.175,1,1,KUVEYT TÜRK PORTFÖY YÖNETİMİ A.Ş.,Altın Fonları,2026-09-18T00:00:00.000Z,459233279,5726,-751181.865476
LKF,İŞ PORTFÖY ALTIN KATILIM FONU,5,1.9,,1,1,İŞ PORTFÖY YÖNETİMİ A.Ş.,Altın Fonları,2026-09-21T00:00:00.000Z,139495126,1337,491012.19251200004
LLA,ALLBATROSS PORTFÖY AYDIN HİSSE SENEDİ SERBEST (TL) FON (HİSSE SENEDİ YOĞUN FON),7,3,0,1,2,ALLBATROSS PORTFÖY YÖNETİMİ A.Ş.,Yerli Hisse,2026-09-21T00:00:00.000Z,21396308,0,-597325.65264
LPH,STATECH PORTFÖY İSTATİSTİKSEL ARBİTRAJ HİSSE SENEDİ SERBEST (TL) FON (HİSSE SENEDİ YOĞUN FON),2,3.5,0,1,2,STATECH PORTFÖY YÖNETİMİ A.Ş.,Serbest İstatistiksel Arbitraj Fonları,2026-09-21T00:00:00.000Z,3746308459,1,-583465781.49536
LTL,AHLATCI PORTFÖY HİSSE SENEDİ (TL) FONU (HİSSE SENEDİ YOĞUN FON),7,2.6,0,1,2,AHLATCI PORTFÖY YÖNETİMİ A.Ş.,Yerli Hisse,2026-09-21T00:00:00.000Z,186546258,4350,-47753165.213154
MAC,MARMARA CAPİTAL PORTFÖY HİSSE SENEDİ (TL) FONU (HİSSE SENEDİ YOĞUN FON),6,2.68,0,1,2,MARMARA CAPİTAL PORTFÖY YÖNETİMİ A.Ş.,Yerli Hisse,2026-09-21T00:00:00.000Z,3945055462,0,-22331001.92634
MAD,MEKSA PORTFÖY BİRİNCİ DEĞİŞKEN FON,6,2,0,1,2,MEKSA PORTFÖY YÖNETİMİ A.Ş.,Kategorisiz,2026-09-18T00:00:00.000Z,23577381,350,-1207.265838
MAS,MARMARA CAPİTAL PORTFÖY HİSSE SENEDİ SERBEST (TL) FON (HİSSE SENEDİ YOĞUN FON),7,2.98,0,1,2,MARMARA CAPİTAL PORTFÖY YÖNETİMİ A.Ş.,Yerli Hisse,2026-09-21T00:00:00.000Z,669622897,192,-2293028.18415
MBL,MEKSA PORTFÖY İKİNCİ DEĞİŞKEN FON,2,2,0.175,1,2,MEKSA PORTFÖY YÖNETİMİ A.Ş.,Kategorisiz,2026-09-18T00:00:00.000Z,21554971,212,-481.722374
MBR,MT PORTFÖY BİRİNCİ BORÇLANMA ARAÇLARI FONU,3,1.3125,0.175,1,1,MT PORTFÖY YÖNETİMİ A.Ş.,Kategorisiz,2026-09-21T00:00:00.000Z,202385364,0,-40764530.008638
MCU,AZİMUT PORTFÖY MUTLAK GETİRİ HEDEFLİ HİSSE SENEDİ SERBEST FON (HİSSE SENEDİ YOĞUN FON),2,3.00395,0,1,2,AZİMUT PORTFÖY YÖNETİMİ A.Ş.,Mutlak Getiri Hedefli,2026-09-21T00:00:00.000Z,234734003,0,-383026.29678
MD1,MT PORTFÖY BİRİNCİ DEĞİŞKEN FON,5,2.36,0.175,1,2,MT PORTFÖY YÖNETİMİ A.Ş.,Kategorisiz,2026-09-21T00:00:00.000Z,66206285,0,-25859705.194399998
MD2,MT PORTFÖY İKİNCİ DEĞİŞKEN FON,4,3.1,0.175,1,2,MT PORTFÖY YÖNETİMİ A.Ş.,Kategorisiz,2026-09-21T00:00:00.000Z,144808007,0,-11106618.390828
MDF,FİBA PORTFÖY MODEL EMTİA FON SEPETİ SERBEST FON,6,3.5,0.175,1,3,FİBA PORTFÖY YÖNETİMİ A.Ş.,Emtia Fonları,2026-09-21T00:00:00.000Z,532580926,1072,-186387.932038
MET,GARANTİ PORTFÖY METAVERSE VE YENİ TEKNOLOJİLER DEĞİŞKEN FON,6,2.7,0.175,1,3,GARANTİ PORTFÖY YÖNETİMİ A.Ş.,Teknoloji,2026-09-18T00:00:00.000Z,758313400,6496,-721080.62276
MGB,İŞ PORTFÖY MUTLAK GETİRİ HEDEFLİ HİSSE SENEDİ SERBEST FON (HİSSE SENEDİ YOĞUN FON),2,3.2,0,1,2,İŞ PORTFÖY YÖNETİMİ A.Ş.,Mutlak Getiri Hedefli,2026-09-21T00:00:00.000Z,60062886,1,-64581.50481200001
MGH,TEB PORTFÖY MUTLAK GETİRİ HEDEFLİ HİSSE SENEDİ SERBEST FON (HİSSE SENEDİ YOĞUN FON),2,2.5,0,1,2,TEB PORTFÖY YÖNETİMİ A.Ş.,Mutlak Getiri Hedefli,2026-09-18T00:00:00.000Z,487898397,730,-1565072.20341
MHF,MT PORTFÖY BIST HALKA ARZ ŞİRKETLERİ HİSSE SENEDİ FONU (HİSSE SENEDİ YOĞUN FON),6,2.625,0,1,2,MT PORTFÖY YÖNETİMİ A.Ş.,Tematik Hisse,2026-09-21T00:00:00.000Z,90284141,0,-15841275.272529
MJB,AKTİF PORTFÖY BİRİNCİ FON SEPETİ FONU,6,2,0.175,1,2,AKTİF PORTFÖY YÖNETİMİ A.Ş.,Kategorisiz,2026-09-21T00:00:00.000Z,51743259,799,0
MJG,AKTİF PORTFÖY GÜMÜŞ FON SEPETİ FONU,7,2,0.175,1,3,AKTİF PORTFÖY YÖNETİMİ A.Ş.,Gümüş Fonları,2026-09-21T00:00:00.000Z,979881997,7278,0
MJH,AKTİF PORTFÖY FORTUNA SERBEST FON,6,3.15,0.175,,,AKTİF PORTFÖY YÖNETİMİ A.Ş.,Kategorisiz,2026-09-21T00:00:00.000Z,28742444,35,0
MJL,AKTİF PORTFÖY AKTİF SERBEST (DÖVİZ-AVRO) FON,,0.53,0.175,1,2,AKTİF PORTFÖY YÖNETİMİ A.Ş.,Döviz Fon,2026-09-21T00:00:00.000Z,929603807,577,7432002.961968
MKA,MARMARA CAPİTAL PORTFÖY KATILIM HİSSE SENEDİ (TL) FONU (HİSSE SENEDİ YOĞUN FON),6,2.68,0,1,2,MARMARA CAPİTAL PORTFÖY YÖNETİMİ A.Ş.,Yerli Hisse,2026-09-21T00:00:00.000Z,71419374,1660,-247205.386325
MKG,AKTİF PORTFÖY ALTIN KATILIM FONU,6,1.5,0.175,1,1,AKTİF PORTFÖY YÖNETİMİ A.Ş.,Altın Fonları,2026-09-21T00:00:00.000Z,1508290341,7994,0
MLT,DENİZ PORTFÖY MELTEM HİSSE SENEDİ SERBEST (TL) FON (HİSSE SENEDİ YOĞUN FON),6,3,0,1,2,DENİZ PORTFÖY YÖNETİMİ A.Ş.,Yerli Hisse,2026-09-21T00:00:00.000Z,19766355,0,-3626.567978
MMH,AKTİF PORTFÖY BIST 30 ENDEKSİ HİSSE SENEDİ (TL)  FONU (HİSSE SENEDİ YOĞUN FON),6,1.5,0,1,2,AKTİF PORTFÖY YÖNETİMİ A.Ş.,Tematik Hisse,2026-09-21T00:00:00.000Z,210853824,1601,-4788802.87861
MOZ,EMAA BLUE PORTFÖY MOZAİK SERBEST FON,5,2.4,0.175,1,3,EMAA BLUE PORTFÖY YÖNETİMİ A.Ş.,Kategorisiz,2026-09-21T00:00:00.000Z,338811250,112,-5800.645279
MPE,MT PORTFÖY PARA PİYASASI KATILIM (TL) FONU,1,1.05,0.175,0,0,MT PORTFÖY YÖNETİMİ A.Ş.,Para Piyasası,2026-09-21T00:00:00.000Z,131493567,0,-13060.417012
MPF,AKTİF PORTFÖY KISA VADELİ KİRA SERTİFİKASI KATILIM (TL) FONU,1,1.46,0.175,0,0,AKTİF PORTFÖY YÖNETİMİ A.Ş.,Kira Sertifikaları,2026-09-21T00:00:00.000Z,1468215113,1887,-45628468.960481
MPI,MEKSA PORTFÖY İSTATİSTİKSEL ARBİTRAJ SERBEST (TL) FON,1,2,0.175,1,2,MEKSA PORTFÖY YÖNETİMİ A.Ş.,Serbest İstatistiksel Arbitraj Fonları,2026-09-18T00:00:00.000Z,74088349,36,-102.07616
MPK,AKTİF PORTFÖY KİRA SERTİFİKASI KATILIM (TL) FONU,2,1.64,0.175,1,1,AKTİF PORTFÖY YÖNETİMİ A.Ş.,Kira Sertifikaları,2026-09-21T00:00:00.000Z,250234858,1509,-3804504.6622699997
MPL,MT PORTFÖY PARA PİYASASI (TL) FONU,2,0.735,0.175,0,0,MT PORTFÖY YÖNETİMİ A.Ş.,Para Piyasası,2026-09-21T00:00:00.000Z,536857846,0,8517249.819216
MPN,AKTİF PORTFÖY İKİNCİ AKTİF SERBEST (DÖVİZ) FON,,1.57,0.175,1,2,AKTİF PORTFÖY YÖNETİMİ A.Ş.,Döviz Fon,2026-09-21T00:00:00.000Z,366255703,276,-871668.4317579999
MPP,MEKSA PORTFÖY PRIME SERBEST FON,7,3,0.175,1,3,MEKSA PORTFÖY YÖNETİMİ A.Ş.,Kategorisiz,2026-09-18T00:00:00.000Z,332471468,1115,1285040.8546429998
MPS,AKTİF PORTFÖY KATILIM HİSSE SENEDİ (TL) FONU (HİSSE SENEDİ YOĞUN FON),6,2.37,0,1,2,AKTİF PORTFÖY YÖNETİMİ A.Ş.,Yerli Hisse,2026-09-21T00:00:00.000Z,138987316,2437,-412767.480736
MRI,TEB PORTFÖY MERİDYEN SERBEST FON,,2.5,0.175,1,3,TEB PORTFÖY YÖNETİMİ A.Ş.,Kategorisiz,2026-09-18T00:00:00.000Z,13421476,109,-42694.633935
MT1,MT PORTFÖY BİRİNCİ SERBEST (DÖVİZ) FON,,0.79,0.175,1,2,MT PORTFÖY YÖNETİMİ A.Ş.,Döviz Fon,2026-09-21T00:00:00.000Z,29005233,0,-1584.9828960000002
MT2,MT PORTFÖY PARA PİYASASI SERBEST (TL) FON,2,1.05,0.175,0,0,MT PORTFÖY YÖNETİMİ A.Ş.,Serbest Para Piyasası Fonları,2026-09-21T00:00:00.000Z,4242600254,0,133404060.947409
MTD,BV PORTFÖY MALZEME TEKNOLOJİLERİ DEĞİŞKEN FON,5,2.5,0.175,1,3,BV PORTFÖY YÖNETİMİ A.Ş.,Teknoloji,2026-09-21T00:00:00.000Z,106810361,1432,-6796607.292075999
MTF,MT PORTFÖY BİRİNCİ İSTATİSTİKSEL ARBİTRAJ HİSSE SENEDİ SERBEST (TL) FON (HİSSE SENEDİ YOĞUN FON),7,3.15,0,1,2,MT PORTFÖY YÖNETİMİ A.Ş.,Serbest İstatistiksel Arbitraj Fonları,2026-09-21T00:00:00.000Z,58381138,0,-50505.988077
MTG,DENİZ PORTFÖY MUTLAK GETİRİ HEDEFLİ HİSSE SENEDİ SERBEST FON (HİSSE SENEDİ YOĞUN FON),3,2,0,1,2,DENİZ PORTFÖY YÖNETİMİ A.Ş.,Mutlak Getiri Hedefli,2026-09-21T00:00:00.000Z,189656391,0,-22902447.722424
MTH,MT PORTFÖY BİRİNCİ HİSSE SENEDİ FONU (HİSSE SENEDİ YOĞUN FON),6,2.73,0,1,2,MT PORTFÖY YÖNETİMİ A.Ş.,Yerli Hisse,2026-09-21T00:00:00.000Z,197019922,0,-27132092.886191998
MTK,MT PORTFÖY KATILIM HİSSE SENEDİ (TL) FONU (HİSSE SENEDİ YOĞUN FON),6,2.41,0,1,2,MT PORTFÖY YÖNETİMİ A.Ş.,Yerli Hisse,2026-09-21T00:00:00.000Z,65018547,0,-4715594.78676
MTS,AKTİF PORTFÖY TARIM VE SÜRDÜRÜLEBİLİRLİK FON SEPETİ FONU,5,2.25,0.175,1,3,AKTİF PORTFÖY YÖNETİMİ A.Ş.,Tarım - Gıda,2026-09-21T00:00:00.000Z,28427404,660,0
MTV,AK PORTFÖY METAVERSE VE DİJİTAL YAŞAM TEKNOLOJİLERİ DEĞİŞKEN FON,6,2.9,0.175,1,3,AK PORTFÖY YÖNETİMİ A.Ş.,Teknoloji,2026-09-21T00:00:00.000Z,137676336,11018,-233536.83815
MTX,TEB PORTFÖY ÜÇÜNCÜ DEĞİŞKEN FON,6,2.75,0.175,1,3,TEB PORTFÖY YÖNETİMİ A.Ş.,Kategorisiz,2026-09-18T00:00:00.000Z,81209997,2016,-76386.07518
MUT,GARANTİ PORTFÖY MUTLAK GETİRİ HEDEFLİ HİSSE SENEDİ SERBEST FON (HİSSE SENEDİ YOĞUN FON),2,2.5,0,1,2,GARANTİ PORTFÖY YÖNETİMİ A.Ş.,Mutlak Getiri Hedefli,2026-09-21T00:00:00.000Z,744587028,978,-12138288.525184
NAK,NEO PORTFÖY ALTIN KATILIM FONU,6,1.8,0.175,1,2,NEO PORTFÖY YÖNETİMİ A.Ş.,Altın Fonları,2026-09-21T00:00:00.000Z,122377784,0,-77433.98958000001
NAU,NEO PORTFÖY ALTIN FONU,6,1.8,0.175,1,2,NEO PORTFÖY YÖNETİMİ A.Ş.,Altın Fonları,2026-09-21T00:00:00.000Z,1944860593,0,-84404266.467176
NBO,NEO PORTFÖY BORÇLANMA ARACI FONLARI FON SEPETİ FONU,2,1.5,0.175,1,1,NEO PORTFÖY YÖNETİMİ A.Ş.,Kategorisiz,2026-09-18T00:00:00.000Z,2485166419,392,-32438943.816664
NBZ,NEO PORTFÖY BİRİNCİ SERBEST (DÖVİZ) FON,6,1.5,0.175,1,2,NEO PORTFÖY YÖNETİMİ A.Ş.,Döviz Fon,2026-09-21T00:00:00.000Z,1366228723,0,-148360540.476456
NCS,NUROL PORTFÖY ÜÇÜNCÜ SERBEST (DÖVİZ) FON,,0.75,0.175,1,2,NUROL PORTFÖY YÖNETİMİ A.Ş.,Döviz Fon,2026-09-21T00:00:00.000Z,6591008904,1730,-937010156.6977199
NHP,NEO PORTFÖY BİRİNCİ FON SEPETİ FONU,3,2,0.175,1,3,NEO PORTFÖY YÖNETİMİ A.Ş.,Kategorisiz,2026-09-18T00:00:00.000Z,11921627,146,5469.67568
NHY,NEO PORTFÖY BİRİNCİ HİSSE SENEDİ (TL) FONU (HİSSE SENEDİ YOĞUN FON),7,2.9,0,1,2,NEO PORTFÖY YÖNETİMİ A.Ş.,Yerli Hisse,2026-09-21T00:00:00.000Z,127382406,0,-2113833.36402
NJF,NUROL PORTFÖY ALTIN KATILIM FONU,6,1,0.175,1,2,NUROL PORTFÖY YÖNETİMİ A.Ş.,Altın Fonları,2026-09-21T00:00:00.000Z,850238435,1730,-24912894.342
NJR,NUROL PORTFÖY BİRİNCİ BORÇLANMA ARAÇLARI FONU,2,1.85,0.175,1,1,NUROL PORTFÖY YÖNETİMİ A.Ş.,Kategorisiz,2026-09-21T00:00:00.000Z,1800073221,2435,-64146508.78272
NJY,NUROL PORTFÖY BİRİNCİ KATILIM FONU,1,1.5,0.175,1,1,NUROL PORTFÖY YÖNETİMİ A.Ş.,Kategorisiz,2026-09-21T00:00:00.000Z,401686227,1367,-6449721.99669
NKA,NEO PORTFÖY KATILIM SERBEST (DÖVİZ) FON,3,1,0.175,1,3,NEO PORTFÖY YÖNETİMİ A.Ş.,Serbest Katılım Fonları,2026-09-21T00:00:00.000Z,131142434,11,-209316.101238
NKC,NEO PORTFÖY İKİNCİ HİSSE SENEDİ FONU (HİSSE SENEDİ YOĞUN FON),6,2.8,0,1,2,NEO PORTFÖY YÖNETİMİ A.Ş.,Yerli Hisse,2026-09-21T00:00:00.000Z,314165764,1159,-620784.333576
NKM,NEO PORTFÖY KATILIM HİSSE SENEDİ FONU (HİSSE SENEDİ YOĞUN FON),6,2.8,0,1,2,NEO PORTFÖY YÖNETİMİ A.Ş.,Yerli Hisse,2026-09-21T00:00:00.000Z,34023891,0,-3033241.546176
NKP,NEO PORTFÖY KAR PAYI ÖDEYEN DEĞİŞKEN FON,5,2.25,0.175,1,2,NEO PORTFÖY YÖNETİMİ A.Ş.,Kar Payı Ödeyen Fonlar,2026-09-21T00:00:00.000Z,147263924,1882,-5311136.52186
NKT,NUROL PORTFÖY BİRİNCİ KATILIM HİSSE SENEDİ FONU (HİSSE SENEDİ YOĞUN FON),5,2.75,0,1,2,NUROL PORTFÖY YÖNETİMİ A.Ş.,Yerli Hisse,2026-09-21T00:00:00.000Z,97305163,825,-2372092.76375
NLE,NUROL PORTFÖY EMLAK SEKTÖRÜ HİSSE SENEDİ FONU (HİSSE SENEDİ YOĞUN FON),6,2.75,0,1,2,NUROL PORTFÖY YÖNETİMİ A.Ş.,Tematik Hisse,2026-09-21T00:00:00.000Z,301631620,8977,-19401625.45659
NLK,NUROL PORTFÖY KISA VADELİ SERBEST FON,1,0.75,0.175,0,0,NUROL PORTFÖY YÖNETİMİ A.Ş.,Kısa Vadeli,2026-09-21T00:00:00.000Z,5837982652,917,-580465609.731952
NME,NUROL PORTFÖY MERCAN KATILIM SERBEST (DÖVİZ) FON,,0.75,0.175,1,2,NUROL PORTFÖY YÖNETİMİ A.Ş.,Serbest Katılım Fonları,2026-09-21T00:00:00.000Z,54186542,48,-50832.471902
NMU,NUROL PORTFÖY MUTLAK GETİRİ HEDEFLİ HİSSE SENEDİ SERBEST FON (HİSSE SENEDİ YOĞUN FON),2,4,0,1,2,NUROL PORTFÖY YÖNETİMİ A.Ş.,Mutlak Getiri Hedefli,2026-09-21T00:00:00.000Z,865527936,330,-88150301.646223
NNF,HEDEF PORTFÖY BİRİNCİ HİSSE SENEDİ (TL) FONU (HİSSE SENEDİ YOĞUN FON),6,2.7,0,1,2,HEDEF PORTFÖY YÖNETİMİ A.Ş.,Yerli Hisse,2026-09-18T00:00:00.000Z,1629057824,17144,-16694597.639888
NOI,TACİRLER PORTFÖY NOVA İSTATİSTİKSEL ARBİTRAJ SERBEST FON,1,2.9,0.175,1,2,TACİRLER PORTFÖY YÖNETİMİ A.Ş.,Serbest İstatistiksel Arbitraj Fonları,2026-09-21T00:00:00.000Z,1354332253,0,0
NPH,NUROL PORTFÖY BİRİNCİ HİSSE SENEDİ FONU (HİSSE SENEDİ YOĞUN FON),6,2.75,0,1,2,NUROL PORTFÖY YÖNETİMİ A.Ş.,Yerli Hisse,2026-09-21T00:00:00.000Z,123198548,674,-975855.3863759999
NRC,NEO PORTFÖY BİRİNCİ DEĞİŞKEN FON,7,2.9,0,1,2,NEO PORTFÖY YÖNETİMİ A.Ş.,Kategorisiz,2026-09-21T00:00:00.000Z,197822559,0,-7200230.917889999
NRG,NEO PORTFÖY BİRİNCİ PARA PİYASASI FONU,1,0.9,0.175,0,0,NEO PORTFÖY YÖNETİMİ A.Ş.,Para Piyasası,2026-09-21T00:00:00.000Z,4133631061,0,-744358847.475178
NSA,NEO PORTFÖY PARA PİYASASI KATILIM SERBEST FON,2,1.3,0.175,0,0,NEO PORTFÖY YÖNETİMİ A.Ş.,Serbest Katılım Fonları,2026-09-21T00:00:00.000Z,733109105,292,-41242001.543468006
NSD,NUROL PORTFÖY DÖRDÜNCÜ SERBEST (DÖVİZ) FON,,0.7,0.175,1,2,NUROL PORTFÖY YÖNETİMİ A.Ş.,Döviz Fon,2026-09-21T00:00:00.000Z,17025725571,182,-19370025.606656
NSH,NUROL PORTFÖY İSTATİSTİKSEL ARBİTRAJ HİSSE SENEDİ SERBEST FON (HİSSE SENEDİ YOĞUN FON),2,4,0,1,2,NUROL PORTFÖY YÖNETİMİ A.Ş.,Serbest İstatistiksel Arbitraj Fonları,2026-09-21T00:00:00.000Z,2560090461,1309,-120993350.842584
NSK,NEO PORTFÖY BİRİNCİ SERBEST FON,3,3.5,0.175,1,2,NEO PORTFÖY YÖNETİMİ A.Ş.,Kategorisiz,2026-09-21T00:00:00.000Z,124863638,0,-371477.454048
NSP,NUROL PORTFÖY PARA PİYASASI KATILIM FONU,1,0.7,0.175,0,0,NUROL PORTFÖY YÖNETİMİ A.Ş.,Para Piyasası,2026-09-21T00:00:00.000Z,1018570993,2433,-18513390.783444
NST,İŞ PORTFÖY EMLAK SEKTÖRÜ HİSSE SENEDİ FONU (HİSSE SENEDİ YOĞUN FON),6,3.2,0,1,2,İŞ PORTFÖY YÖNETİMİ A.Ş.,Tematik Hisse,2026-09-21T00:00:00.000Z,46642849,3139,-850036.30243
NSY,NEO PORTFÖY YEDİNCİ SERBEST FON,3,2.75,0.175,1,1,NEO PORTFÖY YÖNETİMİ A.Ş.,Kategorisiz,2026-09-21T00:00:00.000Z,1392506800,28,-91.586152
NTB,AZİMUT PORTFÖY AVŞAR HİSSE SENEDİ SERBEST FON (HİSSE SENEDİ YOĞUN FON),6,0.1,0,1,2,AZİMUT PORTFÖY YÖNETİMİ A.Ş.,Yerli Hisse,2026-09-21T00:00:00.000Z,3149589696,0,0
NTI,NEO PORTFÖY TEKNOLOJİ VE İNOVASYON DEĞİŞKEN FON,6,2.25,0.175,1,2,NEO PORTFÖY YÖNETİMİ A.Ş.,Teknoloji,2026-09-21T00:00:00.000Z,240527946,531,-5948487.556276
NUB,NUROL PORTFÖY BEŞİNCİ SERBEST (DÖVİZ) FON,,0.75,0.175,1,2,NUROL PORTFÖY YÖNETİMİ A.Ş.,Döviz Fon,2026-09-21T00:00:00.000Z,1690355469,892,-379210066.50469
NUH,NEO PORTFÖY ÜÇÜNCÜ HİSSE SENEDİ FONU (HİSSE SENEDİ YOĞUN FON),6,2.8,0,1,2,NEO PORTFÖY YÖNETİMİ A.Ş.,Yerli Hisse,2026-09-21T00:00:00.000Z,46555514,64,-4247120.187301001
NVB,NEO PORTFÖY İKINCİ PARA PİYASASI (TL) FONU,,1.3,0.175,0,0,NEO PORTFÖY YÖNETİMİ A.Ş.,Para Piyasası,2026-09-21T00:00:00.000Z,4221788811,0,-258685580.62949
NVK,INVEO PORTFÖY KATILIM SERBEST (DÖVİZ) FON,,1,0.175,1,3,INVEO PORTFÖY YÖNETİMİ A.Ş.,Serbest Katılım Fonları,2026-09-21T00:00:00.000Z,162409747,19,-475.25402999999994
NVT,NEO PORTFÖY ÜÇÜNCÜ SERBEST (TL) FON,3,2,0.175,1,1,NEO PORTFÖY YÖNETİMİ A.Ş.,Kategorisiz,2026-09-21T00:00:00.000Z,11138472759,0,224976604.42059
NVZ,NEO PORTFÖY ORSA SERBEST (DÖVİZ) FON,5,1.25,0.175,1,2,NEO PORTFÖY YÖNETİMİ A.Ş.,Döviz Fon,2026-09-21T00:00:00.000Z,479461641,0,-32661165.687642
NZH,NEO PORTFÖY İKİNCİ DEĞİŞKEN FON,6,2.75,0.175,1,2,NEO PORTFÖY YÖNETİMİ A.Ş.,Kategorisiz,2026-09-21T00:00:00.000Z,520860287,0,-13054106.302434
NZT,NEO PORTFÖY PARA PİYASASI SERBEST FON,2,2,0.175,0,0,NEO PORTFÖY YÖNETİMİ A.Ş.,Serbest Para Piyasası Fonları,2026-09-21T00:00:00.000Z,2943588126,0,-42298930.856896006
NZU,NUROL PORTFÖY ZÜMRÜT KATILIM SERBEST (DÖVİZ) FON,,0.75,0.175,1,2,NUROL PORTFÖY YÖNETİMİ A.Ş.,Serbest Katılım Fonları,2026-09-21T00:00:00.000Z,51496109,31,6002914.252132
OBI,OYAK PORTFÖY İKİNCİ BORÇLANMA ARAÇLARI (TL) FONU,3,1,0.175,1,1,OYAK PORTFÖY YÖNETİMİ A.Ş.,Kategorisiz,2026-09-18T00:00:00.000Z,296290113,491,53158.225408
OBP,OYAK PORTFÖY İKİNCİ DEĞİŞKEN FON,4,1.7,0.175,1,1,OYAK PORTFÖY YÖNETİMİ A.Ş.,Kategorisiz,2026-09-18T00:00:00.000Z,37965863,832,-7755.78969
ODD,OYAK PORTFÖY DÖRDÜNCÜ SERBEST FON,,1,0.175,1,2,OYAK PORTFÖY YÖNETİMİ A.Ş.,Kategorisiz,2026-09-18T00:00:00.000Z,466559555,30,-188.552678
ODG,ONE PORTFÖY İKİNCİ DEĞİŞKEN FON,3,2.5,0.175,1,2,ONE PORTFÖY YÖNETİMİ A.Ş.,Kategorisiz,2026-09-18T00:00:00.000Z,66330959,31,-231.69326400000003
ODP,OSMANLI PORTFÖY BİRİNCİ SERBEST FON,6,2,0.175,1,3,OSMANLI PORTFÖY YÖNETİMİ A.Ş.,Kategorisiz,2026-09-21T00:00:00.000Z,304019667,0,-36813.885
ODS,OYAK PORTFÖY İKİNCİ SERBEST (DÖVİZ) FON,,0.803,0.175,1,3,OYAK PORTFÖY YÖNETİMİ A.Ş.,Döviz Fon,2026-09-18T00:00:00.000Z,118134881,106,0
ODV,AK PORTFÖY ÜÇÜNCÜ FON SEPETİ FONU,5,1.95,0.175,1,3,AK PORTFÖY YÖNETİMİ A.Ş.,Kategorisiz,2026-09-18T00:00:00.000Z,1547938872,3756,-1195158.9609899998
OFI,OYAK PORTFÖY İKİNCİ FON SEPETİ FONU,,1.25,0.175,1,2,OYAK PORTFÖY YÖNETİMİ A.Ş.,Kategorisiz,2026-09-18T00:00:00.000Z,157832175,567,-11828.442239999998
OFS,OYAK PORTFÖY BİRİNCİ FON SEPETİ FONU,4,0.5,0.175,1,2,OYAK PORTFÖY YÖNETİMİ A.Ş.,Kategorisiz,2026-09-18T00:00:00.000Z,187972596,427,-47580.90304499999
OGD,OYAK PORTFÖY ALTIN KATILIM FONU,6,1.752,0.175,1,1,OYAK PORTFÖY YÖNETİMİ A.Ş.,Altın Fonları,2026-09-18T00:00:00.000Z,777132058,3082,34829.747634
OHB,OYAK PORTFÖY BİRİNCİ HİSSE SENEDİ (TL) FONU (HİSSE SENEDİ YOĞUN FON),6,2.0002,0,1,2,OYAK PORTFÖY YÖNETİMİ A.Ş.,Yerli Hisse,2026-09-18T00:00:00.000Z,1418610192,1034,26059971.997675
OHK,OYAK PORTFÖY KATILIM HİSSE SENEDİ (TL) FONU (HİSSE SENEDİ YOĞUN FON),6,2.0002,0,1,2,OYAK PORTFÖY YÖNETİMİ A.Ş.,Yerli Hisse,2026-09-18T00:00:00.000Z,42851695,1391,-1250489.14464
OIL,OSMANLI PORTFÖY ALTIN FON SEPETİ FONU,6,0.1,0.175,1,2,OSMANLI PORTFÖY YÖNETİMİ A.Ş.,Altın Fonları,2026-09-21T00:00:00.000Z,42485567,0,-1653971.667885
OIR,OSMANLI PORTFÖY DENGELİ FON SEPETİ FONU,3,0.1,0.175,1,2,OSMANLI PORTFÖY YÖNETİMİ A.Ş.,Kategorisiz,2026-09-21T00:00:00.000Z,18525068,0,-336376.87496
OJB,QNB PORTFÖY BEŞİNCİ SERBEST (DÖVİZ) FON,,1,0.175,1,1,QNB PORTFÖY YÖNETİMİ A.Ş.,Döviz Fon,2026-09-21T00:00:00.000Z,26807334593,7196,-68382692.330497
OJK,QNB PORTFÖY ALTIN FONU,6,1.85,0.175,1,1,QNB PORTFÖY YÖNETİMİ A.Ş.,Altın Fonları,2026-09-21T00:00:00.000Z,46829359733,28880,-66091641.104556
OJT,QNB PORTFÖY TEKNOLOJİ FON SEPETİ FONU,6,2.95,0.175,1,3,QNB PORTFÖY YÖNETİMİ A.Ş.,Teknoloji,2026-09-21T00:00:00.000Z,4571657908,11590,-10691679.032366
OKD,OYAK PORTFÖY BİRİNCİ DEĞİŞKEN FON,6,1.7,0,1,2,OYAK PORTFÖY YÖNETİMİ A.Ş.,Kategorisiz,2026-09-18T00:00:00.000Z,84810175,975,-16414.35839
OKP,OYAK PORTFÖY BİRİNCİ KISA VADELİ BORÇLANMA ARAÇLARI (TL) FONU,2,1.4,0.175,0,0,OYAK PORTFÖY YÖNETİMİ A.Ş.,Kısa Vadeli,2026-09-18T00:00:00.000Z,95156119,421,-585353.271368
OKT,OYAK PORTFÖY BİRİNCİ BORÇLANMA ARAÇLARI FONU,3,1.50015,0.175,1,1,OYAK PORTFÖY YÖNETİMİ A.Ş.,Kategorisiz,2026-09-18T00:00:00.000Z,114704123,844,2757952.889376
OLA,OSMANLI PORTFÖY İKİNCİ SERBEST (DÖVİZ-AVRO) FON,,0.7,0.175,1,3,OSMANLI PORTFÖY YÖNETİMİ A.Ş.,Döviz Fon,2026-09-21T00:00:00.000Z,20291219,0,-79682.22093899999
OLD,QNB PORTFÖY TEMİZ ENERJİ VE SU FON SEPETİ FONU,6,2.5,0.175,1,3,QNB PORTFÖY YÖNETİMİ A.Ş.,Sürdürülebilirlik,2026-09-21T00:00:00.000Z,128290946,5930,-1538564.941725
OLE,OSMANLI PORTFÖY BİRİNCİ FON SEPETİ FONU,2,0.1,0.175,1,1,OSMANLI PORTFÖY YÖNETİMİ A.Ş.,Kategorisiz,2026-09-21T00:00:00.000Z,357591312,0,-1137032.99485
OMG,AZİMUT PORTFÖY İKİNCİ HİSSE SENEDİ FONU (HİSSE SENEDİ YOĞUN FON),6,3.2025,0,1,2,AZİMUT PORTFÖY YÖNETİMİ A.Ş.,Yerli Hisse,2026-09-21T00:00:00.000Z,1243629303,0,-42236665.816130005
OMT,OSMANLI PORTFÖY PARA PİYASASI KATILIM (TL) FONU,1,0.6,,0,0,OSMANLI PORTFÖY YÖNETİMİ A.Ş.,Para Piyasası,2026-09-21T00:00:00.000Z,93499730,0,-698997.782912
ONE,AKTİF PORTFÖY BİRİNCİ HİSSE SENEDİ SERBEST (TL) FON (HİSSE SENEDİ YOĞUN FON),6,3.05,0,1,2,AKTİF PORTFÖY YÖNETİMİ A.Ş.,Yerli Hisse,2026-09-21T00:00:00.000Z,27058835,666,-2331793.382926
ONK,AK PORTFÖY ONİKİNCİ SERBEST (DÖVİZ-AVRO) FON,,0.75,0.175,1,1,AK PORTFÖY YÖNETİMİ A.Ş.,Döviz Fon,2026-09-21T00:00:00.000Z,93133501986,20,-1078313277.142431
ONN,AKTİF PORTFÖY AKTİF ONİKS SERBEST (TL) FON,3,1,0.175,1,1,AKTİF PORTFÖY YÖNETİMİ A.Ş.,Kategorisiz,2026-09-21T00:00:00.000Z,1484211096,613,-153128815.721573
ONS,İŞ PORTFÖY ONİKİNCİ SERBEST (DÖVİZ) FON,,0.8,0.175,1,1,İŞ PORTFÖY YÖNETİMİ A.Ş.,Döviz Fon,2026-09-21T00:00:00.000Z,167679497812,23810,41808907.391846
OPB,OSMANLI PORTFÖY BİRİNCİ DEĞİŞKEN FON,4,1.4,0.175,1,1,OSMANLI PORTFÖY YÖNETİMİ A.Ş.,Kategorisiz,2026-09-21T00:00:00.000Z,49577148,1307,-399371.511058
OPD,OSMANLI PORTFÖY ANKA SERBEST FON,2,1.4,0.175,1,1,OSMANLI PORTFÖY YÖNETİMİ A.Ş.,Kategorisiz,2026-09-21T00:00:00.000Z,69729135,0,-2106.15744
OPF,OSMANLI PORTFÖY AGRESİF DEĞİŞKEN FON,5,2.75,0.175,1,2,OSMANLI PORTFÖY YÖNETİMİ A.Ş.,Kategorisiz,2026-09-21T00:00:00.000Z,443898042,0,-192330.502084
OPH,OSMANLI PORTFÖY BİRİNCİ HİSSE SENEDİ FONU (HİSSE SENEDİ YOĞUN FON),6,2.6,0,1,2,OSMANLI PORTFÖY YÖNETİMİ A.Ş.,Yerli Hisse,2026-09-21T00:00:00.000Z,842796862,1,-14038435.444856001
OPI,OSMANLI PORTFÖY KAR PAYI ÖDEYEN HİSSE SENEDİ (TL) FONU (HİSSE SENEDİ YOĞUN FON),6,2.5,0,1,2,OSMANLI PORTFÖY YÖNETİMİ A.Ş.,Yerli Hisse,2026-09-21T00:00:00.000Z,204919787,1,-127914.077408
OPL,OSMANLI PORTFÖY İKİNCİ DEĞİŞKEN FON,4,1.4,0.175,1,1,OSMANLI PORTFÖY YÖNETİMİ A.Ş.,Kategorisiz,2026-09-21T00:00:00.000Z,33646512,386,-498548.150466
ORC,ASTRA PORTFÖY ALFA SERBEST FON,7,2.1,0.175,1,3,ASTRA PORTFÖY YÖNETİMİ A.Ş.,Kategorisiz,2026-09-21T00:00:00.000Z,1224992962,51,-85018.85607600001
OSD,OSMANLI PORTFÖY ÖZEL SEKTÖR BORÇLANMA ARAÇLARI FONU,1,1,0.175,1,1,OSMANLI PORTFÖY YÖNETİMİ A.Ş.,Borçlanma Araçları - Özel Sektör,2026-09-21T00:00:00.000Z,563934971,1,-35372307.02103
OSL,OSMANLI PORTFÖY KISA VADELİ BORÇLANMA ARAÇLARI (TL) FONU,2,1.2,0.175,0,0,OSMANLI PORTFÖY YÖNETİMİ A.Ş.,Kısa Vadeli,2026-09-21T00:00:00.000Z,1602226795,1,-76376301.373746
OTJ,OYAK PORTFÖY KIYMETLİ MADENLER KATILIM FON SEPETİ FONU,6,2,0.175,1,2,OYAK PORTFÖY YÖNETİMİ A.Ş.,Kategorisiz,2026-09-18T00:00:00.000Z,3137904628,21134,-10857888.722318001
OTK,OYAK PORTFÖY BİRİNCİ KATILIM SERBEST FON,,2.0075,0.175,1,1,OYAK PORTFÖY YÖNETİMİ A.Ş.,Serbest Katılım Fonları,2026-09-18T00:00:00.000Z,4253774,65,19800.916386
OTM,AZİMUT PORTFÖY OTOMOTİV SEKTÖRÜ DEĞİŞKEN FON,6,2.35,0.175,1,3,AZİMUT PORTFÖY YÖNETİMİ A.Ş.,Tematik,2026-09-21T00:00:00.000Z,14384648,0,-13489.633404
OUD,OSMANLI PORTFÖY ATLANTİK SERBEST (DÖVİZ) FON,,0.8,0.175,1,3,OSMANLI PORTFÖY YÖNETİMİ A.Ş.,Döviz Fon,2026-09-21T00:00:00.000Z,149920799,87,130900.929165
OVD,QNB PORTFÖY EMTİA FON SEPETİ FONU,6,2.5,0.175,1,3,QNB PORTFÖY YÖNETİMİ A.Ş.,Emtia Fonları,2026-09-21T00:00:00.000Z,904046605,2990,-29535073.540136
P1A,A1 CAPİTAL PORTFÖY PARA PİYASASI (TL) SERBEST FON,2,1,0.175,0,0,A1 CAPİTAL PORTFÖY YÖNETİMİ A.Ş.,Serbest Para Piyasası Fonları,2026-09-18T00:00:00.000Z,710164198,342,0
PA2,PUSULA PORTFÖY ALTIN KATILIM FONU,6,1.25,,1,1,PUSULA PORTFÖY YÖNETİMİ A.Ş.,Altın Fonları,2026-09-18T00:00:00.000Z,31330467,377,-43263.805225000004
PAB,A1 CAPİTAL PORTFÖY PARA PİYASASI (TL) FONU,2,0.29,0.175,0,0,A1 CAPİTAL PORTFÖY YÖNETİMİ A.Ş.,Para Piyasası,2026-09-18T00:00:00.000Z,202693845,720,0
PAF,PARDUS PORTFÖY ALTIN FONU,6,1,0.175,1,2,PARDUS PORTFÖY YÖNETİMİ A.Ş.,Altın Fonları,2026-09-21T00:00:00.000Z,270336065,0,-115027.053768
PAL,AK PORTFÖY ALTINCI SERBEST (DÖVİZ) FON,,0.95,0.175,1,1,AK PORTFÖY YÖNETİMİ A.Ş.,Döviz Fon,2026-09-21T00:00:00.000Z,151097942813,657,-1714938321.4250479
PAO,PARDUS PORTFÖY ANADOLU HİSSE SENEDİ SERBEST FON (HİSSE SENEDİ YOĞUN FON),6,2,0,1,2,PARDUS PORTFÖY YÖNETİMİ A.Ş.,Yerli Hisse,2026-09-18T00:00:00.000Z,4526739,211,-20701.602376
PBI,PARDUS PORTFÖY BİRİNCİ FON SEPETİ FONU,4,1,0.175,1,2,PARDUS PORTFÖY YÖNETİMİ A.Ş.,Kategorisiz,2026-09-18T00:00:00.000Z,102781369,641,-2002571.5798340002
PBK,ASTRA PORTFÖY BİRİNCİ KATILIM SERBEST (DÖVİZ) FON,6,1,0.175,1,3,ASTRA PORTFÖY YÖNETİMİ A.Ş.,Serbest Katılım Fonları,2026-09-21T00:00:00.000Z,98939434,149,-1589048.54927
PBN,PİRAMİT PORTFÖY BİRİNCİ HİSSE SENEDİ SERBEST FON (HİSSE SENEDİ YOĞUN FON),7,2.1,0,1,2,PİRAMİT PORTFÖY YÖNETİMİ A.Ş.,Yerli Hisse,2026-09-21T00:00:00.000Z,424322348,547,-4982913.29987
PBR,PUSULA PORTFÖY BİRİNCİ DEĞİŞKEN FON,6,1.75,0.175,1,2,PUSULA PORTFÖY YÖNETİMİ A.Ş.,Kategorisiz,2026-09-18T00:00:00.000Z,353326640,15417,-3492919.100817
PCE,PARDUS PORTFÖY İNCİ SERBEST FON,4,2,0.175,1,2,PARDUS PORTFÖY YÖNETİMİ A.Ş.,Kategorisiz,2026-09-18T00:00:00.000Z,53895001,141,-382441.55114399997
PDD,ASTRA PORTFÖY KATILIM FONU,3,2.088,0.175,1,1,ASTRA PORTFÖY YÖNETİMİ A.Ş.,Kategorisiz,2026-09-21T00:00:00.000Z,827934693,201,-8831.579557
PDF,ASTRA PORTFÖY BİRİNCİ SERBEST (DÖVİZ) FON,5,1,0.175,1,3,ASTRA PORTFÖY YÖNETİMİ A.Ş.,Döviz Fon,2026-09-21T00:00:00.000Z,474714465,61,-1225.7921000000001
PEA,PERFORM PORTFÖY ALTIN FONU,6,1.825,0.175,1,1,PERFORM PORTFÖY YÖNETİMİ A.Ş.,Altın Fonları,2026-09-21T00:00:00.000Z,70291094,1,-165425.60938500002
PFO,PHİLLİP PORTFÖY FON SEPETİ FONU,4,2.6,0.175,1,3,PHİLLİP PORTFÖY YÖNETİMİ A.Ş.,Kategorisiz,2026-09-21T00:00:00.000Z,77360066,0,-85841.185983
PFS,ATLAS PORTFÖY FON SEPETİ FONU,4,1.05,0.175,1,3,ATLAS PORTFÖY YÖNETİMİ A.Ş.,Kategorisiz,2026-09-18T00:00:00.000Z,14663619,85,-112857.21175500001
PGD,ASTRA PORTFÖY AGRESİF DEĞİŞKEN FON,2,2.1,0.175,1,2,ASTRA PORTFÖY YÖNETİMİ A.Ş.,Kategorisiz,2026-09-21T00:00:00.000Z,187730806,100,-69150.96426
PGS,AZİMUT PORTFÖY PAY GERİ ALIMI YAPAN ŞİRKETLER HİSSE SENEDİ FONU (HİSSE SENEDİ YOĞUN FON),6,2.35,0,1,2,AZİMUT PORTFÖY YÖNETİMİ A.Ş.,Yerli Hisse,2026-09-21T00:00:00.000Z,155119786,0,-6505.552095000001
PHE,PUSULA PORTFÖY HİSSE SENEDİ FONU (HİSSE SENEDİ YOĞUN FON),6,2.5,0,1,2,PUSULA PORTFÖY YÖNETİMİ A.Ş.,Yerli Hisse,2026-09-15T00:00:00.000Z,867837543,50351,-3192754.3477439997
PHF,PİRAMİT PORTFÖY BİST 50 DIŞI ŞİRKETLER HİSSE SENEDİ SERBEST FON (HİSSE SENEDİ YOĞUN FON),7,5.25,0,1,2,PİRAMİT PORTFÖY YÖNETİMİ A.Ş.,Tematik Hisse,2026-09-21T00:00:00.000Z,460514158,241,-11488406.880908
PHI,PİRAMİT PORTFÖY HİSSE SENEDİ FONU (HİSSE SENEDİ YOĞUN FON),6,2.3625,0,1,2,PİRAMİT PORTFÖY YÖNETİMİ A.Ş.,Yerli Hisse,2026-09-21T00:00:00.000Z,76513612,133,-9617.568
PHK,PHİLLİP PORTFÖY KATILIM HİSSE SENEDİ FONU (HİSSE SENEDİ YOĞUN FON),6,2.5,0,1,2,PHİLLİP PORTFÖY YÖNETİMİ A.Ş.,Yerli Hisse,2026-09-21T00:00:00.000Z,78386208,0,-1515708.455274
PID,PİRAMİT PORTFÖY DEĞİŞKEN FON,5,1.575,0.175,1,2,PİRAMİT PORTFÖY YÖNETİMİ A.Ş.,Kategorisiz,2026-09-21T00:00:00.000Z,52644560,95,-86318.432182
PIL,ROTA PORTFÖY PİL TEKNOLOJİLERİ VE ENERJİ FON SEPETİ FONU,6,2.5,0.175,1,3,ROTA PORTFÖY YÖNETİMİ A.Ş.,Teknoloji,2026-09-18T00:00:00.000Z,407399220,7465,-4181840.6868809997
PIP,GARANTİ PORTFÖY İKİNCİ PARA PİYASASI SERBEST (TL) FON,2,0.7,0.175,0,0,GARANTİ PORTFÖY YÖNETİMİ A.Ş.,Serbest Para Piyasası Fonları,2026-09-21T00:00:00.000Z,5396359923,226,-2026097.099675
PIR,PİRAMİT PORTFÖY ALTIN FONU,6,1.575,0.175,1,2,PİRAMİT PORTFÖY YÖNETİMİ A.Ş.,Altın Fonları,2026-09-21T00:00:00.000Z,94529288,829,-7394660.05817
PIS,PARDUS PORTFÖY İKİNCİ KISA VADELİ SERBEST (TL) FON,1,1,0.175,0,0,PARDUS PORTFÖY YÖNETİMİ A.Ş.,Kısa Vadeli,2026-09-18T00:00:00.000Z,1282956083,187,0
PJL,PHİLLİP PORTFÖY PARA PİYASASI FONU,1,1.25,0.175,0,0,PHİLLİP PORTFÖY YÖNETİMİ A.Ş.,Para Piyasası,2026-09-21T00:00:00.000Z,1233320748,14,-15381246.543428
PJP,PERFORM PORTFÖY BİRİNCİ SERBEST (DÖVİZ) FON,6,0.75,0.175,1,3,PERFORM PORTFÖY YÖNETİMİ A.Ş.,Döviz Fon,2026-09-21T00:00:00.000Z,406867953,1,-50214.851246
PK1,AHLATCI PORTFÖY PARA PİYASASI KATILIM (TL) FONU,1,1.1,0.175,0,0,AHLATCI PORTFÖY YÖNETİMİ A.Ş.,Para Piyasası,2026-09-21T00:00:00.000Z,24075350,141,280240.210198
PKD,PUSULA PORTFÖY İKİNCİ KATILIM HİSSE SENEDİ SERBEST FON (HİSSE SENEDİ YOĞUN FON),6,3,0,1,2,PUSULA PORTFÖY YÖNETİMİ A.Ş.,Yerli Hisse,2026-09-18T00:00:00.000Z,2639959,91,-2936380.5593
PKF,ATA PORTFÖY ALTIN KATILIM FONU,6,1,0.175,1,1,ATA PORTFÖY YÖNETİMİ A.Ş.,Altın Fonları,2026-09-18T00:00:00.000Z,387465536,1519,-1133355.85363
PKM,PUSULA PORTFÖY PARA PİYASASI KATILIM (TL) FONU,1,1,0.175,0,0,PUSULA PORTFÖY YÖNETİMİ A.Ş.,Para Piyasası,2026-09-18T00:00:00.000Z,343199905,348,0
PKP,ATA PORTFÖY PARA PİYASASI KATILIM SERBEST FON,1,0.8,0.175,0,0,ATA PORTFÖY YÖNETİMİ A.Ş.,Serbest Katılım Fonları,2026-09-18T00:00:00.000Z,389990423,78,-3004609.787874
PKR,ROTA PORTFÖY PARA PİYASASI KATILIM FONU,1,1,0.175,0,0,ROTA PORTFÖY YÖNETİMİ A.Ş.,Para Piyasası,2026-09-18T00:00:00.000Z,684017912,190,-413486.44575300004
PKT,YAPI KREDİ PORTFÖY PARA PİYASASI KATILIM SERBEST (TL) FON,2,0.6,0.175,0,0,YAPI KREDİ PORTFÖY YÖNETİMİ A.Ş.,Serbest Katılım Fonları,2026-09-21T00:00:00.000Z,7876602498,840,-191765029.300026
PKV,PARDUS PORTFÖY KISA VADELİ SERBEST (TL) FON,1,1.25,0.175,0,0,PARDUS PORTFÖY YÖNETİMİ A.Ş.,Kısa Vadeli,2026-09-18T00:00:00.000Z,12496826223,2632,0
PLR,OSMANLI PORTFÖY PARA PİYASASI FONU,2,0.42,0.175,0,0,OSMANLI PORTFÖY YÖNETİMİ A.Ş.,Para Piyasası,2026-09-21T00:00:00.000Z,615181489,1,-59173370.130361006
PMP,PARDUS PORTFÖY MODEL PORTFÖY HİSSE SENEDİ SERBEST FON (HİSSE SENEDİ YOĞUN FON),7,2,0,1,2,PARDUS PORTFÖY YÖNETİMİ A.Ş.,Yerli Hisse,2026-09-18T00:00:00.000Z,10704486,361,-795421.15004
PNU,PUSULA PORTFÖY İKİNCİ PARA PİYASASI (TL) FONU,2,1.1,0.175,0,0,PUSULA PORTFÖY YÖNETİMİ A.Ş.,Para Piyasası,2026-09-18T00:00:00.000Z,6996349665,20164,0
PO9,PARDUS PORTFÖY ONDOKUZUNCU HİSSE SENEDİ SERBEST FON (HİSSE SENEDİ YOĞUN FON),7,2,0,1,2,PARDUS PORTFÖY YÖNETİMİ A.Ş.,Yerli Hisse,2026-09-18T00:00:00.000Z,157080934,130,-21607555.141836
POS,PARDUS PORTFÖY  ONBEŞİNCİ HİSSE SENEDİ SERBEST (TL) FON (HİSSE SENEDİ YOĞUN FON),7,2,0,1,2,PARDUS PORTFÖY YÖNETİMİ A.Ş.,Yerli Hisse,2026-09-18T00:00:00.000Z,63491598,319,-1026476.808
PP1,PARDUS PORTFÖY BİRİNCİ KATILIM FONU,5,1,0.175,1,2,PARDUS PORTFÖY YÖNETİMİ A.Ş.,Kategorisiz,2026-09-21T00:00:00.000Z,31028241,0,-3436.3914600000003
PPB,PHİLLİP PORTFÖY BİRİNCİ HİSSE SENEDİ FONU (HİSSE SENEDİ YOĞUN FON),7,2.9,0,1,2,PHİLLİP PORTFÖY YÖNETİMİ A.Ş.,Yerli Hisse,2026-09-21T00:00:00.000Z,361678092,0,-588600.625905
PPD,PERFORM PORTFÖY HİSSE SENEDİ SERBEST FON (HİSSE SENEDİ YOĞUN FON),7,3,0,1,2,PERFORM PORTFÖY YÖNETİMİ A.Ş.,Yerli Hisse,2026-09-21T00:00:00.000Z,2178734950,1,0
PPE,PHİLLİP PORTFÖY SERBEST (DÖVİZ) FON,,1.5,0.175,1,2,PHİLLİP PORTFÖY YÖNETİMİ A.Ş.,Döviz Fon,2026-09-21T00:00:00.000Z,732405970,0,0
PPG,ALBARAKA PORTFÖY PARA PİYASASI KATILIM FONU,1,1.25,0.175,0,0,ALBARAKA PORTFÖY YÖNETİMİ A.Ş.,Para Piyasası,2026-09-21T00:00:00.000Z,1789614034,1662,-7325785.7328
PPH,PARDUS PORTFÖY BIST 100 DIŞI ŞİRKETLER HİSSE SENEDİ (TL) FONU (HİSSE SENEDİ YOĞUN FON),6,2,0,1,2,PARDUS PORTFÖY YÖNETİMİ A.Ş.,Tematik Hisse,2026-09-21T00:00:00.000Z,39430928,0,-328685.151686
PPI,YAPI KREDİ PORTFÖY ÜÇÜNCÜ PARA PİYASASI (TL) FONU,1,0.7,0.175,0,0,YAPI KREDİ PORTFÖY YÖNETİMİ A.Ş.,Para Piyasası,2026-09-21T00:00:00.000Z,3953727008,944,-382103370.0351
PPJ,AK PORTFÖY İKİNCİ PARA PİYASASI SERBEST (TL) FON,1,0.39,0.175,0,0,AK PORTFÖY YÖNETİMİ A.Ş.,Serbest Para Piyasası Fonları,2026-09-21T00:00:00.000Z,64907174415,0,-1476233896.73697
PPK,QNB PORTFÖY PARA PİYASASI KATILIM (TL) FONU,1,1.3,0.175,0,0,QNB PORTFÖY YÖNETİMİ A.Ş.,Para Piyasası,2026-09-21T00:00:00.000Z,5722023952,2795,94420480.824912
PPM,PİRAMİT PORTFÖY MUTLAK GETİRİ HEDEFLİ HİSSE SENEDİ SERBEST FON (HİSSE SENEDİ YOĞUN FON),3,2.1,0,1,2,PİRAMİT PORTFÖY YÖNETİMİ A.Ş.,Mutlak Getiri Hedefli,2026-09-21T00:00:00.000Z,125056015,135,-5638863.784218
PPN,NUROL PORTFÖY PARA PİYASASI (TL) FONU,1,0.7,0.175,0,0,NUROL PORTFÖY YÖNETİMİ A.Ş.,Para Piyasası,2026-09-21T00:00:00.000Z,10738578405,12092,-432393413.27529204
PPP,PERFORM PORTFÖY PARA PİYASASI (TL) FONU,2,1,0.175,0,0,PERFORM PORTFÖY YÖNETİMİ A.Ş.,Para Piyasası,2026-09-21T00:00:00.000Z,4079730092,1,-24299651.59056
PPS,PHİLLİP PORTFÖY BİRİNCİ SERBEST FON,7,2.5,0.175,1,3,PHİLLİP PORTFÖY YÖNETİMİ A.Ş.,Kategorisiz,2026-09-21T00:00:00.000Z,1041728345,0,-34908108.927423
PPT,ATLAS PORTFÖY PARA PİYASASI (TL) FONU,2,1.05,0.175,0,0,ATLAS PORTFÖY YÖNETİMİ A.Ş.,Para Piyasası,2026-09-18T00:00:00.000Z,1794618333,3818,0
PPV,AKTİF PORTFÖY PARA PİYASASI SERBEST (TL) FON,2,1,0.175,0,0,AKTİF PORTFÖY YÖNETİMİ A.Ş.,Serbest Para Piyasası Fonları,2026-09-21T00:00:00.000Z,2513110249,169,-162470969.95428
PPZ,AZİMUT PORTFÖY PARA PİYASASI (TL) FONU,2,1.3,0.175,0,0,AZİMUT PORTFÖY YÖNETİMİ A.Ş.,Para Piyasası,2026-09-21T00:00:00.000Z,11052254494,0,-113165350.94465
PRD,PİRAMİT PORTFÖY PARA PİYASASI (TL) FONU,2,0.7875,0.175,0,0,PİRAMİT PORTFÖY YÖNETİMİ A.Ş.,Para Piyasası,2026-09-21T00:00:00.000Z,571750352,535,163664817.13213697
PRH,AURA PORTFÖY PARA PİYASASI (TL) FONU,1,1.25,0.175,0,0,AURA PORTFÖY YÖNETİMİ A.Ş.,Para Piyasası,2026-09-21T00:00:00.000Z,612148149,0,1347270.16128
PRR,INVEO PORTFÖY PARA PİYASASI KATILIM (TL) FONU,1,1.155,0.175,0,0,INVEO PORTFÖY YÖNETİMİ A.Ş.,Para Piyasası,2026-09-21T00:00:00.000Z,344675524,154,-14545404.86241
PRU,ALLBATROSS PORTFÖY KISA VADELİ SERBEST (TL) FON,2,1.25,0.175,0,0,ALLBATROSS PORTFÖY YÖNETİMİ A.Ş.,Kısa Vadeli,2026-09-21T00:00:00.000Z,2171860643,0,-41694013.25529
PRV,ASTRA PORTFÖY PARA PİYASASI SERBEST FON,2,2.1,0.175,0,0,ASTRA PORTFÖY YÖNETİMİ A.Ş.,Serbest Para Piyasası Fonları,2026-09-21T00:00:00.000Z,2420207334,78,77783842.97136
PRY,PUSULA PORTFÖY PARA PİYASASI (TL) FONU,2,1.25,0.175,0,0,PUSULA PORTFÖY YÖNETİMİ A.Ş.,Para Piyasası,2026-09-18T00:00:00.000Z,18871803599,38751,0
PSE,ATLAS PORTFÖY PARA PİYASASI SERBEST FON,2,1.05,0.175,0,0,ATLAS PORTFÖY YÖNETİMİ A.Ş.,Serbest Para Piyasası Fonları,2026-09-18T00:00:00.000Z,15089021686,4835,0
PSH,DENİZ PORTFÖY PERAKENDE SEKTÖRÜ HİSSE SENEDİ (TL) FONU (HİSSE SENEDİ YOĞUN FON),6,1.9,0,1,2,DENİZ PORTFÖY YÖNETİMİ A.Ş.,Tematik Hisse,2026-09-21T00:00:00.000Z,16749920,0,-243084.805276
PSL,AZİMUT PORTFÖY 8.0 SERBEST FON,5,1.575,0.175,1,1,AZİMUT PORTFÖY YÖNETİMİ A.Ş.,Kategorisiz,2026-09-21T00:00:00.000Z,217172541,0,-49030894.476296
PTE,TEB PORTFÖY BİRİNCİ PARA PİYASASI SERBEST (TL) FON,,0.75,0.175,0,0,TEB PORTFÖY YÖNETİMİ A.Ş.,Serbest Para Piyasası Fonları,2026-09-21T00:00:00.000Z,51807023207,4929,-396777221.32937896
PTF,QNB PORTFÖY TREND SERBEST FON,2,1.75,0.175,1,1,QNB PORTFÖY YÖNETİMİ A.Ş.,Kategorisiz,2026-09-21T00:00:00.000Z,847518449,324,-3387237.832552
PTN,PHİLLİP PORTFÖY ALTIN FONU,6,2.1,0.175,1,1,PHİLLİP PORTFÖY YÖNETİMİ A.Ş.,Altın Fonları,2026-09-21T00:00:00.000Z,960758658,0,-7939517.150496
PTO,PARDUS PORTFÖY TEMETTÜ ÖDEYEN ŞİRKETLER HİSSE SENEDİ FONU (HİSSE SENEDİ YOĞUN FON),6,2,0,1,2,PARDUS PORTFÖY YÖNETİMİ A.Ş.,Yerli Hisse,2026-09-21T00:00:00.000Z,166930136,0,-3820701.63096
PTP,AHLATCI PORTFÖY PARA PİYASASI (TL) FONU,1,1,0.175,0,0,AHLATCI PORTFÖY YÖNETİMİ A.Ş.,Para Piyasası,2026-09-21T00:00:00.000Z,114476122,300,-30723302.858018003
PTS,QNB PORTFÖY PARA PİYASASI SERBEST (TL) FON,2,1.3,0.175,0,0,QNB PORTFÖY YÖNETİMİ A.Ş.,Serbest Para Piyasası Fonları,2026-09-21T00:00:00.000Z,10311147743,770,-52929173.436048
PUC,AK PORTFÖY BİRİNCİ KISA VADELİ SERBEST (TL) FON,2,1,0.175,0,0,AK PORTFÖY YÖNETİMİ A.Ş.,Kısa Vadeli,2026-09-21T00:00:00.000Z,5025762855,0,402251550.126734
PUH,PERFORM PORTFÖY ÜÇÜNCÜ HİSSE SENEDİ SERBEST (TL) FON (HİSSE SENEDİ YOĞUN FON),7,3,0,1,2,PERFORM PORTFÖY YÖNETİMİ A.Ş.,Yerli Hisse,2026-09-21T00:00:00.000Z,438949304,1,0
PUK,PUSULA PORTFÖY KATILIM HİSSE SENEDİ (TL) FONU (HİSSE SENEDİ YOĞUN FON),5,2.5,0,1,2,PUSULA PORTFÖY YÖNETİMİ A.Ş.,Yerli Hisse,2026-09-18T00:00:00.000Z,380417852,4475,-28320908.754015
PVK,ALBARAKA PORTFÖY KISA VADELİ KATILIM SERBEST (TL) FON,1,1,0.175,0,0,ALBARAKA PORTFÖY YÖNETİMİ A.Ş.,Serbest Katılım Fonları,2026-09-21T00:00:00.000Z,40166374091,8237,225349720.38911998
PYR,PARDUS PORTFÖY YİRMİNCİ HİSSE SENEDİ SERBEST FON (HİSSE SENEDİ YOĞUN FON),7,2,0,1,2,PARDUS PORTFÖY YÖNETİMİ A.Ş.,Yerli Hisse,2026-09-18T00:00:00.000Z,47850827,1024,-1253774.860272
RAF,ROTA PORTFÖY ALTINCI SERBEST FON,6,0.2,0.175,1,2,ROTA PORTFÖY YÖNETİMİ A.Ş.,Kategorisiz,2026-09-18T00:00:00.000Z,82168870,13,-40388082.078
RBA,ALBARAKA PORTFÖY BEREKET VAKFI'NA DESTEK ALTIN KATILIM FONU,6,1,0.175,1,1,ALBARAKA PORTFÖY YÖNETİMİ A.Ş.,Altın Fonları,2026-09-21T00:00:00.000Z,1821386291,5291,-5307818.126688
RBB,RE-PIE PORTFÖY BİRİNCİ BORÇLANMA ARAÇLARI (TL) FONU,4,1.5,0.175,1,1,RE-PIE PORTFÖY YÖNETİMİ A.Ş.,Kategorisiz,2026-09-21T00:00:00.000Z,24970691,69,44596.209004
RBF,ROTA PORTFÖY BİRİNCİ BORÇLANMA ARAÇLARI FONU,3,1,0.175,1,1,ROTA PORTFÖY YÖNETİMİ A.Ş.,Kategorisiz,2026-09-18T00:00:00.000Z,10574931,76,-208.29467
RBH,ALBARAKA PORTFÖY KATILIM HİSSE SENEDİ FONU (HİSSE SENEDİ YOĞUN FON),5,1.95,0,1,2,ALBARAKA PORTFÖY YÖNETİMİ A.Ş.,Yerli Hisse,2026-09-21T00:00:00.000Z,884337035,5226,-6129020.5422600005
RBI,RE-PIE PORTFÖY BİRİNCİ SERBEST (DÖVİZ) FON,5,1.25,0.175,1,3,RE-PIE PORTFÖY YÖNETİMİ A.Ş.,Döviz Fon,2026-09-21T00:00:00.000Z,65656397,166,-2765616.8944
RBK,ALBARAKA PORTFÖY KATILIM FONU,4,1.5,0.175,1,3,ALBARAKA PORTFÖY YÖNETİMİ A.Ş.,Kategorisiz,2026-09-21T00:00:00.000Z,37263946,1130,410202.787266
RBL,QNB PORTFÖY ROBOTİK VE BLOCKCHAİN TEKNOLOJİLERİ SERBEST FON,6,2.75,0.175,1,2,QNB PORTFÖY YÖNETİMİ A.Ş.,Teknoloji,2026-09-21T00:00:00.000Z,231947964,910,-4034582.700252
RBN,RE-PIE PORTFÖY BEŞİNCİ HİSSE SENEDİ SERBEST (TL) FON (HİSSE SENEDİ YOĞUN FON),6,2,0,1,2,RE-PIE PORTFÖY YÖNETİMİ A.Ş.,Yerli Hisse,2026-09-21T00:00:00.000Z,35478304,202,-254198.006478
RBP,RE-PIE PORTFÖY BİRİNCİ PARA PİYASASI (TL) FONU,1,0.9,0.175,0,0,RE-PIE PORTFÖY YÖNETİMİ A.Ş.,Para Piyasası,2026-09-21T00:00:00.000Z,838123517,686,-694348300.788945
RBR,RE-PIE PORTFÖY BİRİNCİ KATILIM SERBEST FON,4,1.5,0.175,1,2,RE-PIE PORTFÖY YÖNETİMİ A.Ş.,Serbest Katılım Fonları,2026-09-21T00:00:00.000Z,70844678,185,-35958351.373449996
RBT,ALBARAKA PORTFÖY KİRA SERTİFİKALARI KATILIM FONU,1,1,0.175,1,1,ALBARAKA PORTFÖY YÖNETİMİ A.Ş.,Kira Sertifikaları,2026-09-21T00:00:00.000Z,1538972753,3083,-15592062.098992
RBV,ALBARAKA PORTFÖY KISA VADELİ KİRA SERTİFİKALARI KATILIM (TL) FONU,1,1.5,0.175,0,0,ALBARAKA PORTFÖY YÖNETİMİ A.Ş.,Kira Sertifikaları,2026-09-21T00:00:00.000Z,9645711532,18592,233170521.316656
RCV,AZİMUT PORTFÖY BİRİNCİ ÇOKLU VARLIK KATILIM FONU,4,3,0.175,1,2,AZİMUT PORTFÖY YÖNETİMİ A.Ş.,Kategorisiz,2026-09-21T00:00:00.000Z,61364769,0,-221438.967984
RD1,ROTA PORTFÖY BİRİNCİ DEĞİŞKEN FON,3,2,0.175,1,3,ROTA PORTFÖY YÖNETİMİ A.Ş.,Kategorisiz,2026-09-18T00:00:00.000Z,67399607,142,-53861.306376
RDF,ROTA PORTFÖY DOKUZUNCU HİSSE SENEDİ SERBEST FON (HİSSE SENEDİ YOĞUN FON),6,2,0,1,2,ROTA PORTFÖY YÖNETİMİ A.Ş.,Yerli Hisse,2026-09-18T00:00:00.000Z,302173428,552,-74253648.0425
RDT,PHİLLİP PORTFÖY RODOSTO SERBEST FON,6,3,0.175,1,2,PHİLLİP PORTFÖY YÖNETİMİ A.Ş.,Kategorisiz,2026-09-21T00:00:00.000Z,81182154,0,-4953.21672
RFM,ROTA PORTFÖY ENERJİ VE METAL FON SEPETİ FONU,6,2.5,,1,3,ROTA PORTFÖY YÖNETİMİ A.Ş.,Kategorisiz,2026-09-18T00:00:00.000Z,83202900,605,-429906.345498
RGD,RE-PIE PORTFÖY AGRESİF DEĞİŞKEN FON,5,3,0.175,1,2,RE-PIE PORTFÖY YÖNETİMİ A.Ş.,Kategorisiz,2026-09-21T00:00:00.000Z,24341448,79,-1019842.5092939999
RGH,RE-PIE PORTFÖY MUTLAK GETİRİ HEDEFLİ HİSSE SENEDİ SERBEST FON (HİSSE SENEDİ YOĞUN FON),2,3,0,1,2,RE-PIE PORTFÖY YÖNETİMİ A.Ş.,Mutlak Getiri Hedefli,2026-09-21T00:00:00.000Z,37202925,72,0
RHI,RE-PİE PORTFÖY BİRİNCİ HİSSE SENEDİ (TL) FONU (HİSSE SENEDİ YOĞUN FON),6,2,0,1,2,RE-PIE PORTFÖY YÖNETİMİ A.Ş.,Yerli Hisse,2026-09-21T00:00:00.000Z,54474594,466,-2380305.579372
RHS,ROTA PORTFÖY HİSSE SENEDİ (TL) FONU (HİSSE SENEDİ YOĞUN FON),6,2.5,0,1,2,ROTA PORTFÖY YÖNETİMİ A.Ş.,Yerli Hisse,2026-09-18T00:00:00.000Z,710695646,1421,-38754257.91765
RIA,ROTA PORTFÖY İSTATİSTİKSEL ARBİTRAJ HİSSE SENEDİ SERBEST FON (HİSSE SENEDİ YOĞUN FON),2,3.6,0,1,2,ROTA PORTFÖY YÖNETİMİ A.Ş.,Serbest İstatistiksel Arbitraj Fonları,2026-09-18T00:00:00.000Z,11959542,45,0
RIH,RE-PIE PORTFÖY İKİNCİ HİSSE SENEDİ SERBEST FON (HİSSE SENEDİ YOĞUN FON),7,2,0,1,2,RE-PIE PORTFÖY YÖNETİMİ A.Ş.,Yerli Hisse,2026-09-21T00:00:00.000Z,73368116,976,-2237326.204827
RIK,RE-PIE PORTFÖY İKİNCİ DEĞİŞKEN FON,5,1.5,0.175,1,2,RE-PIE PORTFÖY YÖNETİMİ A.Ş.,Kategorisiz,2026-09-21T00:00:00.000Z,427099831,11825,-32331887.721364
RJG,RE-PIE PORTFÖY ALTIN KATILIM FONU,6,0.95,0.175,1,1,RE-PIE PORTFÖY YÖNETİMİ A.Ş.,Altın Fonları,2026-09-21T00:00:00.000Z,57869103,743,-19941.685834
RKC,ROTA PORTFÖY İKİNCİ DEĞİŞKEN FON,3,2,0.175,1,3,ROTA PORTFÖY YÖNETİMİ A.Ş.,Kategorisiz,2026-09-18T00:00:00.000Z,28886075,248,-731751.87371
RKH,RE-PIE PORTFÖY KATILIM HİSSE SENEDİ SERBEST (TL) FON (HİSSE SENEDİ YOĞUN FON),6,2.5,0,1,2,RE-PIE PORTFÖY YÖNETİMİ A.Ş.,Yerli Hisse,2026-09-21T00:00:00.000Z,7930266,94,-1933.3821
RKS,ROTA PORTFÖY KİRA SERTİFİKALARI KATILIM FONU,2,1.2,0.175,1,1,ROTA PORTFÖY YÖNETİMİ A.Ş.,Kira Sertifikaları,2026-09-18T00:00:00.000Z,93891673,145,1867892.9047200002
RKV,RE-PIE PORTFÖY KISA VADELİ KATILIM SERBEST (TL) FON,1,1,0.175,0,0,RE-PIE PORTFÖY YÖNETİMİ A.Ş.,Serbest Katılım Fonları,2026-09-21T00:00:00.000Z,434959050,276,-305391014.079984
RLH,ROTA PORTFÖY YİRMİNCİ SERBEST FON,2,3.5,0.175,1,2,ROTA PORTFÖY YÖNETİMİ A.Ş.,Kategorisiz,2026-09-18T00:00:00.000Z,281637720,38,-989.947816
ROF,ROTA PORTFÖY ONUNCU HİSSE SENEDİ SERBEST FON (HİSSE SENEDİ YOĞUN FON),7,2.5,0,1,2,ROTA PORTFÖY YÖNETİMİ A.Ş.,Yerli Hisse,2026-09-18T00:00:00.000Z,491552109,365,-3863057.1785520003
RPC,ROTA PORTFÖY İKLİM DEĞİŞİKLİĞİ ÇÖZÜMLERİ DEĞİŞKEN FON,6,2,0.175,1,3,ROTA PORTFÖY YÖNETİMİ A.Ş.,Sürdürülebilirlik,2026-09-18T00:00:00.000Z,23824310,567,-41530.15482
RPD,RE-PIE PORTFÖY BİRİNCİ DEĞİŞKEN FON,5,1.19,0.175,1,2,RE-PIE PORTFÖY YÖNETİMİ A.Ş.,Kategorisiz,2026-09-21T00:00:00.000Z,218447955,3079,-18449895.22614
RPG,ROTA PORTFÖY ALTIN FONU,6,1.6,0.175,1,1,ROTA PORTFÖY YÖNETİMİ A.Ş.,Altın Fonları,2026-09-18T00:00:00.000Z,968295110,1602,-2851967.28329
RPI,ROTA PORTFÖY KATILIM HİSSE SENEDİ FONU (HİSSE SENEDİ YOĞUN FON),6,2.5,0,1,2,ROTA PORTFÖY YÖNETİMİ A.Ş.,Yerli Hisse,2026-09-18T00:00:00.000Z,14894532,306,-178806.38037
RPL,RE-PIE PORTFÖY ALGORİTMİK STRATEJİLER SERBEST FON,2,3,0.175,1,2,RE-PIE PORTFÖY YÖNETİMİ A.Ş.,Kategorisiz,2026-09-21T00:00:00.000Z,123721172,17,0
RPM,ROTA PORTFÖY İLAÇ VE MEDİKAL TEKNOLOJİLERİ DEĞİŞKEN FON,6,2.5,0.175,1,3,ROTA PORTFÖY YÖNETİMİ A.Ş.,Teknoloji,2026-09-18T00:00:00.000Z,87194546,2914,-2809503.8783139996
RPN,ROTA PORTFÖY NEV SERBEST FON,6,0.75,0.175,1,2,ROTA PORTFÖY YÖNETİMİ A.Ş.,Kategorisiz,2026-09-18T00:00:00.000Z,794089056,23,0
RPP,ROTA PORTFÖY PARA PİYASASI (TL) FONU,2,0.9,0.175,0,0,ROTA PORTFÖY YÖNETİMİ A.Ş.,Para Piyasası,2026-09-18T00:00:00.000Z,5695753033,6965,-607707242.46824
RPS,ROTA PORTFÖY BİRİNCİ SERBEST (DÖVİZ) FON,,0.9,0.175,1,3,ROTA PORTFÖY YÖNETİMİ A.Ş.,Döviz Fon,2026-09-18T00:00:00.000Z,175280409,93,-40222.604611999996
RPT,ROTA PORTFÖY İKİNCİ SERBEST (TL) FON,1,1,0.175,1,1,ROTA PORTFÖY YÖNETİMİ A.Ş.,Kategorisiz,2026-09-18T00:00:00.000Z,1235776243,162,-611444.063418
RPX,ROTA PORTFÖY ÜÇÜNCÜ SERBEST (DÖVİZ) FON,,1,0.175,1,2,ROTA PORTFÖY YÖNETİMİ A.Ş.,Döviz Fon,2026-09-18T00:00:00.000Z,628094034,120,8500711.52223
RRA,ROTA PORTFÖY PARA PİYASASI SERBEST FON,2,0.35,0.175,0,0,ROTA PORTFÖY YÖNETİMİ A.Ş.,Serbest Para Piyasası Fonları,2026-09-18T00:00:00.000Z,983765024,146,-30335174.174764
RRP,RE-PIE PORTFÖY PARA PİYASASI KATILIM (TL) FONU,2,0.9,0.175,0,0,RE-PIE PORTFÖY YÖNETİMİ A.Ş.,Para Piyasası,2026-09-21T00:00:00.000Z,384666155,70,-342234765.165438
RS1,ROTA PORTFÖY BİRİNCİ KISA VADELİ SERBEST FON,2,1,0.175,0,0,ROTA PORTFÖY YÖNETİMİ A.Ş.,Kısa Vadeli,2026-09-18T00:00:00.000Z,872086899,122,-63588351.265039995
RSK,ROTA PORTFÖY ONSEKİZİNCİ SERBEST FON,5,2.625,0.175,1,2,ROTA PORTFÖY YÖNETİMİ A.Ş.,Kategorisiz,2026-09-18T00:00:00.000Z,231445209,209,-4314718.765118
RTD,RE-PIE PORTFÖY TEKNOLOJİ DEĞİŞKEN FON,6,2.5,0.175,1,3,RE-PIE PORTFÖY YÖNETİMİ A.Ş.,Teknoloji,2026-09-21T00:00:00.000Z,21174565,259,-804714.5563559999
RTG,ATA PORTFÖY ROBOTİK TEKNOLOJİLERİ DEĞİŞKEN FONU,6,2.5,0.175,1,3,ATA PORTFÖY YÖNETİMİ A.Ş.,Teknoloji,2026-09-18T00:00:00.000Z,227258591,4639,-637574.043219
RTH,RE-PIE PORTFÖY BİRİNCİ HİSSE SENEDİ SERBEST FON (HİSSE SENEDİ YOĞUN FON),7,2,0,1,2,RE-PIE PORTFÖY YÖNETİMİ A.Ş.,Yerli Hisse,2026-09-21T00:00:00.000Z,14208636,411,-138105.40058100002
RTP,RE-PIE PORTFÖY BİRİNCİ SERBEST FON,5,2,0.175,1,2,RE-PIE PORTFÖY YÖNETİMİ A.Ş.,Kategorisiz,2026-09-21T00:00:00.000Z,255703711,4735,-9605768.19227
RUT,BV PORTFÖY ROBOTİK VE UZAY TEKNOLOJİLERİ DEĞİŞKEN FON,5,2.5,0.175,1,3,BV PORTFÖY YÖNETİMİ A.Ş.,Teknoloji,2026-09-21T00:00:00.000Z,159224052,4507,-5032589.725364
RYF,ROTA PORTFÖY YEDİNCİ HİSSE SENEDİ SERBEST (TL) FON (HİSSE SENEDİ YOĞUN FON),7,2,0,1,2,ROTA PORTFÖY YÖNETİMİ A.Ş.,Yerli Hisse,2026-09-18T00:00:00.000Z,358011849,60,-1124180.2204200001
SAS,AK PORTFÖY SABANCI TOPLULUĞU ŞİRKETLERİ ENDEKSİ HİSSE SENEDİ (TL) FONU (HİSSE SENEDİ YOĞUN FON),5,2,0,1,2,AK PORTFÖY YÖNETİMİ A.Ş.,Tematik Hisse,2026-09-21T00:00:00.000Z,875288784,18371,-4237114.541765
SBH,SPARTA PORTFÖY BİRİNCİ HİSSE SENEDİ SERBEST (TL) FON (HİSSE SENEDİ YOĞUN FON),6,3.15,0,1,2,SPARTA PORTFÖY YÖNETİMİ A.Ş.,Yerli Hisse,2026-09-18T00:00:00.000Z,289191373,574,-839817.632003
SD1,SPARTA PORTFÖY BİRİNCİ DEĞİŞKEN FON,5,2.625,,1,2,SPARTA PORTFÖY YÖNETİMİ A.Ş.,Kategorisiz,2026-09-18T00:00:00.000Z,41824611,165,-2981039.588145
SFS,AZİMUT PORTFÖY AGRESİF FON SEPETİ FONU,5,2,0.175,1,2,AZİMUT PORTFÖY YÖNETİMİ A.Ş.,Kategorisiz,2026-09-21T00:00:00.000Z,31172468,0,-2583.14382
SGK,EMAA BLUE PORTFÖY BİYOTEKNOLOJİ VE SAĞLIK SEKTÖRÜ DEĞİŞKEN FON,5,2.4,,1,2,EMAA BLUE PORTFÖY YÖNETİMİ A.Ş.,Teknoloji,2026-09-21T00:00:00.000Z,192447942,73,-66244.580783
SGT,GARANTİ PORTFÖY SİBER GÜVENLİK TEKNOLOJİLERi DEĞİŞKEN FON,5,2.7,0.175,1,3,GARANTİ PORTFÖY YÖNETİMİ A.Ş.,Teknoloji,2026-09-18T00:00:00.000Z,185627664,2651,-3326158.2963600005
SHC,STRATEJİ PORTFÖY İKİNCİ HİSSE SENEDİ FONU (HİSSE SENEDİ YOĞUN FON),7,3.2,0,1,2,STRATEJİ PORTFÖY YÖNETİMİ A.Ş.,Yerli Hisse,2026-09-18T00:00:00.000Z,78409336,143,-194947.396846
SHE,TEB PORTFÖY ÖNCE KADIN DEĞİŞKEN FON,7,2.75,0.175,1,2,TEB PORTFÖY YÖNETİMİ A.Ş.,Kategorisiz,2026-09-18T00:00:00.000Z,52508543,628,-101709.016236
SHU,SPARTA PORTFÖY ÜÇÜNCÜ HİSSE SENEDİ SERBEST (TL) FON (HİSSE SENEDİ YOĞUN FON),6,3.675,0,1,2,SPARTA PORTFÖY YÖNETİMİ A.Ş.,Yerli Hisse,2026-09-18T00:00:00.000Z,203678455,18,-5737906.1776479995
SKO,STRATEJİ PORTFÖY KAR PAYI ÖDEYEN HİSSE SENEDİ FONU (HİSSE SENEDİ YOĞUN FON),6,3,0,1,2,STRATEJİ PORTFÖY YÖNETİMİ A.Ş.,Yerli Hisse,2026-09-21T00:00:00.000Z,171100206,43,-5956086.341196001
SKZ,NEO PORTFÖY SEKİZİNCİ SERBEST FON,7,3,0.175,1,2,NEO PORTFÖY YÖNETİMİ A.Ş.,Kategorisiz,2026-09-21T00:00:00.000Z,222688708,0,-13586446.790928
SLG,QNB PORTFÖY ALGORİTMİK STRATEJİLER HİSSE SENEDİ FONU (HİSSE SENEDİ YOĞUN FON),6,3,0,1,2,QNB PORTFÖY YÖNETİMİ A.Ş.,Yerli Hisse,2026-09-21T00:00:00.000Z,450270469,859,394820.196702
SNY,ATLAS PORTFÖY SANAYİ SEKTÖRÜ HİSSE SENEDİ SERBEST FON (HİSSE SENEDİ YOĞUN FON),7,2.75,0,1,2,ATLAS PORTFÖY YÖNETİMİ A.Ş.,Tematik Hisse,2026-09-18T00:00:00.000Z,295201547,397,-1273954.553901
SOS,HEDEF PORTFÖY SAĞLIK SEKTÖRÜ DEĞİŞKEN FON,3,2.95,0.175,1,2,HEDEF PORTFÖY YÖNETİMİ A.Ş.,Sağlık - İlaç,2026-09-18T00:00:00.000Z,23162581,464,-1284939.332667
SPE,AZİMUT PORTFÖY 5.0 SERBEST (DÖVİZ) FON,,1.5,0.175,1,3,AZİMUT PORTFÖY YÖNETİMİ A.Ş.,Döviz Fon,2026-09-21T00:00:00.000Z,4265047551,0,-196101019.246831
SPN,AZİMUT PORTFÖY İSTATİSTİKSEL ARBİTRAJ HİSSE SENEDİ SERBEST FON (HİSSE SENEDİ YOĞUN FON),2,3.2,0,1,2,AZİMUT PORTFÖY YÖNETİMİ A.Ş.,Serbest İstatistiksel Arbitraj Fonları,2026-09-21T00:00:00.000Z,1470378985,0,111141407.488818
SPP,SPARTA PORTFÖY BİRİNCİ PARA PİYASASI (TL) FONU,1,1,0.175,0,0,SPARTA PORTFÖY YÖNETİMİ A.Ş.,Para Piyasası,2026-09-21T00:00:00.000Z,277706624,0,-31222196.401943997
SPR,BV PORTFÖY SPOR ENDÜSTRİSİ DEĞİŞKEN FON,5,2.5,0.175,1,3,BV PORTFÖY YÖNETİMİ A.Ş.,Kategorisiz,2026-09-21T00:00:00.000Z,8147865,158,-40807.745615
SPT,AKTİF PORTFÖY KATILIM FON SEPETİ FONU,4,1,0.175,1,2,AKTİF PORTFÖY YÖNETİMİ A.Ş.,Kategorisiz,2026-09-21T00:00:00.000Z,90938918,881,0
SRL,PARDUS PORTFÖY SÜRDÜRÜLEBİLİRLİK HİSSE SENEDİ (TL) FONU (HİSSE SENEDİ YOĞUN FON),6,2,0,1,2,PARDUS PORTFÖY YÖNETİMİ A.Ş.,Tematik Hisse,2026-09-21T00:00:00.000Z,31195455,0,-318004.98672
SSK,DENİZ PORTFÖY SAĞLIK SEKTÖRÜ DEĞİŞKEN FON,5,2.5,0.175,1,2,DENİZ PORTFÖY YÖNETİMİ A.Ş.,Sağlık - İlaç,2026-09-18T00:00:00.000Z,45323502,571,-214923.94505399998
SSS,YAPI KREDİ PORTFÖY SAVUNMA SANAYİİ ŞİRKETLERİ ENDEKSİ HİSSE SENEDİ FONU (HİSSE SENEDİ YOĞUN FON),6,2,0,1,2,YAPI KREDİ PORTFÖY YÖNETİMİ A.Ş.,Yerli Hisse,2026-09-21T00:00:00.000Z,218210987,2898,-1831711.5098760002
ST1,STRATEJİ PORTFÖY BİRİNCİ HİSSE SENEDİ FONU (HİSSE SENEDİ YOĞUN FON),,2.993,0,1,2,STRATEJİ PORTFÖY YÖNETİMİ A.Ş.,Yerli Hisse,2026-09-18T00:00:00.000Z,584209158,2269,-765485.345174
STI,ATLAS PORTFÖY SENTİMENT SERBEST FON,6,3.25,0.175,1,2,ATLAS PORTFÖY YÖNETİMİ A.Ş.,Kategorisiz,2026-09-18T00:00:00.000Z,15350129,179,-2460258.67113
SUA,ÜNLÜ PORTFÖY BİRİNCİ DEĞİŞKEN FON,3,2,0.175,1,1,ÜNLÜ PORTFÖY YÖNETİMİ A.Ş.,Kategorisiz,2026-09-21T00:00:00.000Z,2118473784,1155,-339796994.368256
SUB,ÜNLÜ PORTFÖY İKİNCİ DEĞİŞKEN FON,6,2.25,0,1,2,ÜNLÜ PORTFÖY YÖNETİMİ A.Ş.,Kategorisiz,2026-09-21T00:00:00.000Z,105345578,728,-438495.9117
SUC,ÜNLÜ PORTFÖY ÜÇÜNCÜ DEĞİŞKEN FON,5,2.25,0.175,1,2,ÜNLÜ PORTFÖY YÖNETİMİ A.Ş.,Kategorisiz,2026-09-21T00:00:00.000Z,596644462,506,2282083.094544
SUR,EMAA BLUE PORTFÖY SÜRDÜRÜLEBİLİRLİK HİSSE SENEDİ FONU (HİSSE SENEDİ YOĞUN FON),6,1.9,0,1,2,EMAA BLUE PORTFÖY YÖNETİMİ A.Ş.,Tematik Hisse,2026-09-21T00:00:00.000Z,219327599,87,-4126.478832
SVB,STRATEJİ PORTFÖY AGRESİF DEĞİŞKEN FON,5,2,0,1,2,STRATEJİ PORTFÖY YÖNETİMİ A.Ş.,Kategorisiz,2026-09-21T00:00:00.000Z,206089562,26,-2126323.310922
TAL,ATLAS PORTFÖY ALTIN KATILIM FONU,6,1.5,0.175,1,1,ATLAS PORTFÖY YÖNETİMİ A.Ş.,Altın Fonları,2026-09-18T00:00:00.000Z,32061346,716,-752806.4717880001
TAR,AK PORTFÖY TARIM VE GIDA TEKNOLOJİLERİ DEĞİŞKEN FON,5,2.9,0.175,1,3,AK PORTFÖY YÖNETİMİ A.Ş.,Teknoloji,2026-09-21T00:00:00.000Z,133752018,4932,-487925.082645
TAU,İŞ PORTFÖY BIST BANKA ENDEKSİ HİSSE SENEDİ (TL) FONU (HİSSE SENEDİ YOĞUN FON),7,1.9,0,1,2,İŞ PORTFÖY YÖNETİMİ A.Ş.,Tematik Hisse,2026-09-21T00:00:00.000Z,2479950085,34297,2305969.783971
TBT,TEB PORTFÖY BORÇLANMA ARAÇLARI FONU,3,2.19,0.175,1,1,TEB PORTFÖY YÖNETİMİ A.Ş.,Kategorisiz,2026-09-21T00:00:00.000Z,473000710,2516,-14317571.807168
TBV,İŞ PORTFÖY ÖZEL SEKTÖR BORÇLANMA ARAÇLARI (TL) FONU,1,1.75,0.175,1,1,İŞ PORTFÖY YÖNETİMİ A.Ş.,Borçlanma Araçları - Özel Sektör,2026-09-21T00:00:00.000Z,1259742452,7798,-3913320.254912
TCA,ZİRAAT PORTFÖY ALTIN KATILIM FONU,6,1.2,0.175,1,1,ZİRAAT PORTFÖY YÖNETİMİ A.Ş.,Altın Fonları,2026-09-21T00:00:00.000Z,13738955085,24894,-34853324.078
TCB,TACİRLER PORTFÖY PARA PİYASASI (TL) FONU,2,1.25,0.175,0,0,TACİRLER PORTFÖY YÖNETİMİ A.Ş.,Para Piyasası,2026-09-21T00:00:00.000Z,2739801366,6310,-101271220.57296
TCC,TACİRLER PORTFÖY SERBEST (DÖVİZ) FON,6,2.5,0.175,1,3,TACİRLER PORTFÖY YÖNETİMİ A.Ş.,Döviz Fon,2026-09-21T00:00:00.000Z,408514969,26,-6033001.561625
TCD,TACİRLER PORTFÖY DEĞİŞKEN FON,6,3,0,1,2,TACİRLER PORTFÖY YÖNETİMİ A.Ş.,Kategorisiz,2026-09-21T00:00:00.000Z,1387772336,23316,-9453750.887248
TCF,TEB PORTFÖY ÜÇÜNCÜ FON SEPETİ FONU,3,2.5,0.175,1,2,TEB PORTFÖY YÖNETİMİ A.Ş.,Kategorisiz,2026-09-18T00:00:00.000Z,3178846681,2746,-1761311.8062800001
TDG,İŞ PORTFÖY YABANCI BORÇLANMA ARAÇLARI FONU,,1.5,0.175,1,3,İŞ PORTFÖY YÖNETİMİ A.Ş.,Yabancı Fonlar,2026-09-21T00:00:00.000Z,652634716,2082,-907086.9458000001
TE3,TEB PORTFÖY MUTLAK GETİRİ HEDEFLİ DEĞİŞKEN FON,4,1.65,0.175,1,2,TEB PORTFÖY YÖNETİMİ A.Ş.,Mutlak Getiri Hedefli,2026-09-18T00:00:00.000Z,1134332534,2993,704132.26893
TE4,TEB PORTFÖY BİRİNCİ DEĞİŞKEN FON,3,2.5,0.175,1,2,TEB PORTFÖY YÖNETİMİ A.Ş.,Kategorisiz,2026-09-18T00:00:00.000Z,2513341168,1539,-49941595.796519995
TEJ,AZİMUT PORTFÖY TEKNOLOJİ FON SEPETİ FONU,6,2.835,0.175,1,3,AZİMUT PORTFÖY YÖNETİMİ A.Ş.,Teknoloji,2026-09-21T00:00:00.000Z,689954247,0,-3525079.76438
TFF,TEB PORTFÖY AMERİKA TEKNOLOJİ YABANCI BYF FON SEPETİ FONU,6,2.1,0.175,1,4,TEB PORTFÖY YÖNETİMİ A.Ş.,Teknoloji,2026-09-18T00:00:00.000Z,1330112635,8909,-3541096.955994
TFU,İŞ PORTFÖY TÜFE'YE ENDEKSLİ BORÇLANMA ARAÇLARI (TL) FONU,4,1.5,0.175,1,1,İŞ PORTFÖY YÖNETİMİ A.Ş.,Kategorisiz,2026-09-21T00:00:00.000Z,200758872,1173,-3572488.1601629998
TGA,GARANTİ PORTFÖY AGRESİF DEĞİŞKEN FON,5,2.7,0,1,2,GARANTİ PORTFÖY YÖNETİMİ A.Ş.,Kategorisiz,2026-09-21T00:00:00.000Z,782615892,4586,-1113673.872312
TGE,İŞ PORTFÖY EMTİA YABANCI BYF FON SEPETİ FONU,6,2.5,0.175,1,3,İŞ PORTFÖY YÖNETİMİ A.Ş.,Yabancı Fonlar,2026-09-21T00:00:00.000Z,3078738358,38331,-13725259.132560002
TGR,AK PORTFÖY TURİZM VE SEYAHAT SEKTÖRÜ DEĞİŞKEN FON,6,2.9,0.175,1,3,AK PORTFÖY YÖNETİMİ A.Ş.,Tematik,2026-09-21T00:00:00.000Z,101190289,3929,-449304.95078799996
THD,TRIVE PORTFÖY BİRİNCİ HİSSE SENEDİ (TL) FONU (HİSSE SENEDİ YOĞUN FON),6,2.5,0,1,2,TRIVE PORTFÖY YÖNETİMİ A.Ş.,Yerli Hisse,2026-09-21T00:00:00.000Z,7902433,0,-64190.601353000005
THF,TERA PORTFÖY HİSSE SENEDİ (TL) FONU (HİSSE SENEDİ YOĞUN FON),,2.25,0,1,2,TERA PORTFÖY YÖNETİMİ A.Ş.,Yerli Hisse,2026-09-21T00:00:00.000Z,40452359335,211725,6295152.433592
THT,TRİVE PORTFÖY HİSSE SENEDİ SERBEST FON (HİSSE SENEDİ YOĞUN FON),6,2.5,0,1,2,TRIVE PORTFÖY YÖNETİMİ A.Ş.,Yerli Hisse,2026-09-21T00:00:00.000Z,4518709,0,-114371.71635500001
TI2,İŞ PORTFÖY HİSSE SENEDİ (TL) FONU (HİSSE SENEDİ YOĞUN FON),7,3.2,0,1,2,İŞ PORTFÖY YÖNETİMİ A.Ş.,Yerli Hisse,2026-09-21T00:00:00.000Z,3123389185,20436,-6110947.5042280005
TI3,İŞ PORTFÖY İŞ BANKASI İŞTİRAKLERİ ENDEKSİ HİSSE SENEDİ (TL) FONU (HİSSE SENEDİ YOĞUN FON),7,1.9,0,1,2,İŞ PORTFÖY YÖNETİMİ A.Ş.,Tematik Hisse,2026-09-21T00:00:00.000Z,1900050490,21096,-4663686.405748
TI4,İŞ PORTFÖY TEMKİNLİ DEĞİŞKEN FON,2,2,0.175,1,1,İŞ PORTFÖY YÖNETİMİ A.Ş.,Kategorisiz,2026-09-21T00:00:00.000Z,1931824064,13890,-2505617.557702
TI6,İŞ PORTFÖY BORÇLANMA ARAÇLARI (TL) FONU,4,2,0.175,1,1,İŞ PORTFÖY YÖNETİMİ A.Ş.,Kategorisiz,2026-09-21T00:00:00.000Z,644123074,5069,-4776548.441958
TI7,İŞ PORTFÖY DENGELİ DEĞİŞKEN FON,4,2,0.175,1,2,İŞ PORTFÖY YÖNETİMİ A.Ş.,Kategorisiz,2026-09-21T00:00:00.000Z,1174848998,9594,681499.352925
TIE,İŞ PORTFÖY BIST 30 ENDEKSİ HİSSE SENEDİ (TL) FONU (HİSSE SENEDİ YOĞUN FON),6,1.9,0,1,2,İŞ PORTFÖY YÖNETİMİ A.Ş.,Tematik Hisse,2026-09-21T00:00:00.000Z,2035144061,21042,5186763.808848
TIL,İŞ PORTFÖY KATILIM HİSSE SENEDİ (TL) FONU (HİSSE SENEDİ YOĞUN FON),6,2.7,0,1,2,İŞ PORTFÖY YÖNETİMİ A.Ş.,Yerli Hisse,2026-09-21T00:00:00.000Z,72302584,1742,219207.935862
TJF,TEB PORTFÖY SÜRDÜRÜLEBİLİRLİK FON SEPETİ FONU,6,2.19,0.175,1,3,TEB PORTFÖY YÖNETİMİ A.Ş.,Sürdürülebilirlik,2026-09-18T00:00:00.000Z,53121090,536,-57832.640736
TJI,TEB PORTFÖY İKİNCİ FON SEPETİ FONU,4,2.19,0.175,1,3,TEB PORTFÖY YÖNETİMİ A.Ş.,Kategorisiz,2026-09-18T00:00:00.000Z,496652905,875,-2133660.404064
TJT,TEB PORTFÖY ALTINCI SERBEST (DÖVİZ-AVRO) FON,,1,0.175,1,3,TEB PORTFÖY YÖNETİMİ A.Ş.,Döviz Fon,2026-09-18T00:00:00.000Z,2135377859,1804,-11968885.95741
TKF,TACİRLER PORTFÖY HİSSE SENEDİ FONU (HİSSE SENEDİ YOĞUN FON),6,2.92,0,1,2,TACİRLER PORTFÖY YÖNETİMİ A.Ş.,Yerli Hisse,2026-09-21T00:00:00.000Z,947032344,7734,-3866437.352556
TLE,AURA PORTFÖY YABANCI BORÇLANMA ARAÇLARI FONU,5,1.95,0.175,1,3,AURA PORTFÖY YÖNETİMİ A.Ş.,Yabancı Fonlar,2026-09-18T00:00:00.000Z,516913923,885,-9862692.226200001
TLH,AURA PORTFÖY HİSSE SENEDİ FONU (HİSSE SENEDİ YOĞUN FON),7,2.75,0,1,2,AURA PORTFÖY YÖNETİMİ A.Ş.,Yerli Hisse,2026-09-21T00:00:00.000Z,116034090,45,-185025.2744
TLK,AKTİF PORTFÖY PARA PİYASASI KATILIM (TL) FONU,1,1.2,0.175,0,0,AKTİF PORTFÖY YÖNETİMİ A.Ş.,Para Piyasası,2026-09-21T00:00:00.000Z,3250130782,1232,-15592370.125332
TLV,TERA PORTFÖY PARA PİYASASI KATILIM (TL) FONU,1,1,0.175,0,0,TERA PORTFÖY YÖNETİMİ A.Ş.,Para Piyasası,2026-09-21T00:00:00.000Z,3631005141,12177,0
TLY,TERA PORTFÖY BİRİNCİ SERBEST FON,7,2,0.175,1,2,TERA PORTFÖY YÖNETİMİ A.Ş.,Kategorisiz,2026-09-16T00:00:00.000Z,243624480154,102616,-7859896734.302424
TLZ,ATA PORTFÖY KATILIM HİSSE SENEDİ (TL) FONU (HİSSE SENEDİ YOĞUN FON),6,2.25,0,1,2,ATA PORTFÖY YÖNETİMİ A.Ş.,Yerli Hisse,2026-09-18T00:00:00.000Z,71169487,870,96626.42161199999
TMC,İŞ PORTFÖY TEMA DEĞİŞKEN FON,4,2,0.175,1,1,İŞ PORTFÖY YÖNETİMİ A.Ş.,Kategorisiz,2026-09-21T00:00:00.000Z,127501260,11271,-482330.330859
TMG,İŞ PORTFÖY YABANCI HİSSE SENEDİ FONU,,2.5,0.175,1,3,İŞ PORTFÖY YÖNETİMİ A.Ş.,Yabancı Fonlar,2026-09-21T00:00:00.000Z,5129258353,35930,-14661523.78335
TMM,TERA PORTFÖY İKİNCİ SERBEST (DÖVİZ) FON,6,2.5,0.175,1,3,TERA PORTFÖY YÖNETİMİ A.Ş.,Döviz Fon,2026-09-21T00:00:00.000Z,1351257277,1999,0
TMU,AZİMUT PORTFÖY TEMKİNLİ FON SEPETİ FONU,2,2,0.175,1,2,AZİMUT PORTFÖY YÖNETİMİ A.Ş.,Kategorisiz,2026-09-21T00:00:00.000Z,56502892,0,-530402.208414
TMZ,İŞ PORTFÖY SÜRDÜRÜLEBİLİRLİK VE TARIM FON SEPETİ FONU,5,2,0.175,1,3,İŞ PORTFÖY YÖNETİMİ A.Ş.,Tarım - Gıda,2026-09-21T00:00:00.000Z,53251048,2582,-184464.64393
TND,İŞ PORTFÖY TTF TENİSE DESTEK DEĞİŞKEN FON,2,2,0.175,1,2,İŞ PORTFÖY YÖNETİMİ A.Ş.,Kategorisiz,2026-09-21T00:00:00.000Z,181957433,508,-162514.524895
TOT,TEB PORTFÖY ÖZEL SEKTÖR BORÇLANMA ARAÇLARI FONU,1,1.75,0.175,1,1,TEB PORTFÖY YÖNETİMİ A.Ş.,Borçlanma Araçları - Özel Sektör,2026-09-21T00:00:00.000Z,113666275,637,-3735903.1129860003
TP2,TERA PORTFÖY PARA PİYASASI (TL) FONU,2,1,0.175,0,0,TERA PORTFÖY YÖNETİMİ A.Ş.,Para Piyasası,2026-09-16T00:00:00.000Z,224391916391,167000,-18885651581.87199
TPC,TEB PORTFÖY KIYMETLİ MADENLER FON SEPETİ FONU,6,2.5,0.175,1,2,TEB PORTFÖY YÖNETİMİ A.Ş.,Kategorisiz,2026-09-18T00:00:00.000Z,5665603029,11674,-10759455.281652
TPF,TACİRLER PORTFÖY BORÇLANMA ARAÇLARI FONU,3,1.25,0.175,1,1,TACİRLER PORTFÖY YÖNETİMİ A.Ş.,Kategorisiz,2026-09-21T00:00:00.000Z,129103566,585,-1550896.7969520001
TPJ,TEB PORTFÖY BİRİNCİ SERBEST (DÖVİZ) FON,,1,0.175,1,3,TEB PORTFÖY YÖNETİMİ A.Ş.,Döviz Fon,2026-09-18T00:00:00.000Z,2382228391,1477,-2212864.5586320003
TPL,TEB PORTFÖY EUROBOND (DÖVİZ) BORÇLANMA ARAÇLARI FONU,6,2.9,0.175,1,3,TEB PORTFÖY YÖNETİMİ A.Ş.,Döviz Fon,2026-09-18T00:00:00.000Z,497622848,1517,-584975.43938
TPP,TEB PORTFÖY PUSULA SERBEST FON,,2.5,0.175,,,TEB PORTFÖY YÖNETİMİ A.Ş.,Kategorisiz,2026-09-18T00:00:00.000Z,1854451428,384,0
TPV,AURA PORTFÖY İKİNCİ DEĞİŞKEN FON,4,2.6,0.175,1,2,AURA PORTFÖY YÖNETİMİ A.Ş.,Kategorisiz,2026-09-21T00:00:00.000Z,7861973,18,-1039.9587000000001
TPZ,TEB PORTFÖY KİRA SERTİFİKALARI (DÖVİZ) KATILIM FONU,6,1.05,0.175,1,3,TEB PORTFÖY YÖNETİMİ A.Ş.,Döviz Fon,2026-09-18T00:00:00.000Z,153223590,1486,-148775.462481
TRJ,TERA PORTFÖY BİRİNCİ BORÇLANMA ARAÇLARI (TL) FONU,,1.5,0.175,1,1,TERA PORTFÖY YÖNETİMİ A.Ş.,Kategorisiz,2026-09-21T00:00:00.000Z,1848723365,5007,-129788702.590686
TRO,TRIVE PORTFÖY ALTIN FONU,6,1.825,0.175,1,1,TRIVE PORTFÖY YÖNETİMİ A.Ş.,Altın Fonları,2026-09-21T00:00:00.000Z,25858997,0,-1215380.924385
TRU,TERA PORTFÖY KATILIM SERBEST (DÖVİZ) FON,,1,0.175,1,3,TERA PORTFÖY YÖNETİMİ A.Ş.,Serbest Katılım Fonları,2026-09-18T00:00:00.000Z,249805323,304,-4221079.478685
TTA,İŞ PORTFÖY ALTIN FONU,6,1.9,0.175,1,1,İŞ PORTFÖY YÖNETİMİ A.Ş.,Altın Fonları,2026-09-21T00:00:00.000Z,26375871857,226107,-27985298.227146003
TTE,İŞ PORTFÖY BIST TEKNOLOJİ AĞIRLIK SINIRLAMALI ENDEKSİ HİSSE SENEDİ (TL) FONU (HİSSE SENEDİ YOĞUN FON),7,1.9,0,1,2,İŞ PORTFÖY YÖNETİMİ A.Ş.,Tematik Hisse,2026-09-21T00:00:00.000Z,2839625274,44388,-21607746.62256
TTL,TACİRLER PORTFÖY KARTOPU SERBEST FON,7,3.5,0.175,1,2,TACİRLER PORTFÖY YÖNETİMİ A.Ş.,Kategorisiz,2026-09-21T00:00:00.000Z,297964646,46,-755222.223645
TTV,TACİRLER PORTFÖY VEGA SERBEST (TL) FON,2,3.25,0.175,1,3,TACİRLER PORTFÖY YÖNETİMİ A.Ş.,Kategorisiz,2026-09-21T00:00:00.000Z,2156133564,31,-564899011.960307
TUA,TEB PORTFÖY ALTIN FONU,6,1.95,0.175,1,1,TEB PORTFÖY YÖNETİMİ A.Ş.,Altın Fonları,2026-09-21T00:00:00.000Z,15079681492,30891,-35719738.306635
TVE,EMAA BLUE PORTFÖY TARIM VE GIDA SEKTÖRÜ KATILIM FONU,6,2.4,0.175,1,2,EMAA BLUE PORTFÖY YÖNETİMİ A.Ş.,Tarım - Gıda,2026-09-21T00:00:00.000Z,219088319,342,4871508.532289
TVN,TRIVE PORTFÖY BİRİNCİ FON SEPETİ FONU,5,2,0.175,1,3,TRIVE PORTFÖY YÖNETİMİ A.Ş.,Kategorisiz,2026-09-21T00:00:00.000Z,9826568,0,-1863156.097632
TYH,TEB PORTFÖY HİSSE SENEDİ FONU (HİSSE SENEDİ YOĞUN FON),6,3.2,0,1,2,TEB PORTFÖY YÖNETİMİ A.Ş.,Yerli Hisse,2026-09-21T00:00:00.000Z,960683812,6137,-9880794.072938
TZD,ZİRAAT PORTFÖY HİSSE SENEDİ FONU (HİSSE SENEDİ YOĞUN FON),6,2.75,0,1,2,ZİRAAT PORTFÖY YÖNETİMİ A.Ş.,Yerli Hisse,2026-09-21T00:00:00.000Z,655581417,3705,7982118.1217
TZT,ZİRAAT PORTFÖY BORÇLANMA ARAÇLARI (TL) FONU,3,2.0002,0.175,1,1,ZİRAAT PORTFÖY YÖNETİMİ A.Ş.,Kategorisiz,2026-09-21T00:00:00.000Z,333249275,3190,-411702.60299999994
ULH,ÜNLÜ PORTFÖY ONUNCU SERBEST FON,7,3.5,0.175,1,2,ÜNLÜ PORTFÖY YÖNETİMİ A.Ş.,Kategorisiz,2026-09-21T00:00:00.000Z,1295154803,235,-1292430.65624
UNT,İŞ PORTFÖY ÜÇÜNCÜ SERBEST (TL) FON,2,0.9,0.175,1,1,İŞ PORTFÖY YÖNETİMİ A.Ş.,Kategorisiz,2026-09-21T00:00:00.000Z,11274820440,290,285555742.19193
UP1,ÜNLÜ PORTFÖY ALTIN FONU,6,1.8,0.175,1,1,ÜNLÜ PORTFÖY YÖNETİMİ A.Ş.,Altın Fonları,2026-09-21T00:00:00.000Z,1402702511,1398,-7694227.451976
UP2,ÜNLÜ PORTFÖY PARA PİYASASI SERBEST FON,2,1,0.175,0,0,ÜNLÜ PORTFÖY YÖNETİMİ A.Ş.,Serbest Para Piyasası Fonları,2026-09-21T00:00:00.000Z,2470144486,306,-140387019.902325
UPD,ÜNLÜ PORTFÖY DÖRDÜNCÜ SERBEST (DÖVİZ) FON,6,1,0.175,1,2,ÜNLÜ PORTFÖY YÖNETİMİ A.Ş.,Döviz Fon,2026-09-21T00:00:00.000Z,2421644337,248,-12571951.90304
UPH,ÜNLÜ PORTFÖY HİSSE SENEDİ (TL) FONU (HİSSE SENEDİ YOĞUN FON),6,2.81,0,1,2,ÜNLÜ PORTFÖY YÖNETİMİ A.Ş.,Yerli Hisse,2026-09-21T00:00:00.000Z,100294222,496,-43945.2678
UPP,ÜNLÜ PORTFÖY PARA PİYASASI (TL) FONU,1,1,0.175,0,0,ÜNLÜ PORTFÖY YÖNETİMİ A.Ş.,Para Piyasası,2026-09-21T00:00:00.000Z,2456611730,880,-81731539.481883
URA,ATA PORTFÖY ENERJİ DEĞİŞKEN FON,6,2.5,0.175,1,3,ATA PORTFÖY YÖNETİMİ A.Ş.,Kategorisiz,2026-09-18T00:00:00.000Z,580532970,8672,-6070808.90152
USY,ÜNLÜ PORTFÖY DEĞER YATIRIMLARI SERBEST FON,6,3,0.175,1,2,ÜNLÜ PORTFÖY YÖNETİMİ A.Ş.,Kategorisiz,2026-09-21T00:00:00.000Z,1269452213,385,-15664058.145275999
VAY,AK PORTFÖY DEĞER ODAKLI 100 ŞİRKETLERİ HİSSE SENEDİ (TL) FONU (HİSSE SENEDİ YOĞUN FON),5,3.3,0,1,2,AK PORTFÖY YÖNETİMİ A.Ş.,Yerli Hisse,2026-09-21T00:00:00.000Z,46001605,1897,-409543.59079399996
VCY,AK PORTFÖY ELEKTRİKLİ VE OTONOM ARAÇ TEKNOLOJİLERİ DEĞİŞKEN FON,6,2.9,0.175,1,3,AK PORTFÖY YÖNETİMİ A.Ş.,Teknoloji,2026-09-21T00:00:00.000Z,157061839,10369,-919752.9422340001
VFK,ZİRAAT PORTFÖY İKİNCİ KISA VADELİ KİRA SERTİFİKALARI KATILIM (TL) FONU,1,1.5,0.175,0,0,ZİRAAT PORTFÖY YÖNETİMİ A.Ş.,Kira Sertifikaları,2026-09-21T00:00:00.000Z,6144200410,827,1011986491.496904
VFO,V PORTFÖY ALTIN KATILIM FONU,6,1.8,,1,1,V PORTFÖY YÖNETİMİ A.Ş.,Altın Fonları,2026-09-18T00:00:00.000Z,392469922,8045,-4995028.156671
VHK,V PORTFÖY KATILIM HİSSE SENEDİ (TL) FONU (HİSSE SENEDİ YOĞUN FON),6,3,0,1,2,V PORTFÖY YÖNETİMİ A.Ş.,Yerli Hisse,2026-09-18T00:00:00.000Z,51478832,700,-541477.668928
VHS,VAKIF KATILIM PORTFÖY KATILIM HİSSE SENEDİ FONU (HİSSE SENEDİ YOĞUN FON),6,2.5,0,1,2,VAKIF KATILIM PORTFÖY YÖNETİMİ A.Ş.,Yerli Hisse,2026-09-21T00:00:00.000Z,55943750,0,-192288.865653
VKK,VAKIF KATILIM PORTFÖY KİRA SERTİFİKALARI KATILIM FONU,2,1.5,,1,1,VAKIF KATILIM PORTFÖY YÖNETİMİ A.Ş.,Kira Sertifikaları,2026-09-21T00:00:00.000Z,154774835,0,766943.695175
VKV,VAKIF KATILIM PORTFÖY KISA VADELİ KİRA SERTİFİKALARI KATILIM FONU,2,1.5,,0,0,VAKIF KATILIM PORTFÖY YÖNETİMİ A.Ş.,Kira Sertifikaları,2026-09-21T00:00:00.000Z,9026156702,0,-725887148.934912
VLT,VAKIF KATILIM PORTFÖY ALTIN KATILIM FONU,6,1.5,,1,1,VAKIF KATILIM PORTFÖY YÖNETİMİ A.Ş.,Altın Fonları,2026-09-21T00:00:00.000Z,73950174,0,205938.139064
VMV,VEGA PORTFÖY MAVİ SERBEST FON,2,1,0.175,1,1,VEGA PORTFÖY YÖNETİMİ A.Ş.,Kategorisiz,2026-09-18T00:00:00.000Z,7749051732,137,9520582.770728
VNK,VEGA PORTFÖY ANKA SERBEST FON,3,2.1,0.175,1,2,VEGA PORTFÖY YÖNETİMİ A.Ş.,Kategorisiz,2026-09-18T00:00:00.000Z,3627245107,224,-124095.11072200001
VPA,VAKIF KATILIM PORTFÖY PARA PİYASASI KATILIM FONU,1,1.25,0.175,0,0,VAKIF KATILIM PORTFÖY YÖNETİMİ A.Ş.,Para Piyasası,2026-09-21T00:00:00.000Z,5315107389,0,-997599768.990454
VPD,V PORTFÖY BİRİNCİ DEĞİŞKEN FON,4,2.25,,1,2,V PORTFÖY YÖNETİMİ A.Ş.,Kategorisiz,2026-09-18T00:00:00.000Z,7804812,193,105354.50730299999
VPE,V PORTFÖY İKİNCİ DEĞİŞKEN FON,4,2,,1,2,V PORTFÖY YÖNETİMİ A.Ş.,Kategorisiz,2026-09-18T00:00:00.000Z,6274605,146,-2494.981287
VPH,V PORTFÖY HİSSE SENEDİ (TL) FONU (HİSSE SENEDİ YOĞUN FON),6,3,0,1,2,V PORTFÖY YÖNETİMİ A.Ş.,Yerli Hisse,2026-09-18T00:00:00.000Z,28759404,725,-1601585.6857
VPP,VEGA PORTFÖY PARLA SERBEST (DÖVİZ) FON,2,2.1,0.175,1,3,VEGA PORTFÖY YÖNETİMİ A.Ş.,Döviz Fon,2026-09-18T00:00:00.000Z,1317748218,539,-62101465.434631
VPS,VEGA PORTFÖY SALUR HİSSE SENEDİ SERBEST (TL) FON (HİSSE SENEDİ YOĞUN FON),6,3.675,0,1,2,VEGA PORTFÖY YÖNETİMİ A.Ş.,Yerli Hisse,2026-09-18T00:00:00.000Z,808335177,5133,-10983050.265088
VRK,DENİZ PORTFÖY ÇOKLU VARLIK KATILIM FONU,4,1.95,0.175,1,2,DENİZ PORTFÖY YÖNETİMİ A.Ş.,Kategorisiz,2026-09-21T00:00:00.000Z,45951705,0,-6203.08782
YAC,YAPI KREDİ PORTFÖY İKİNCİ FON SEPETİ FONU,5,3,0.175,1,2,YAPI KREDİ PORTFÖY YÖNETİMİ A.Ş.,Kategorisiz,2026-09-18T00:00:00.000Z,5444051907,9766,-3185260.7544150003
YAE,YAPI KREDİ PORTFÖY TLREF'E ENDEKSLİ BORÇLANMA ARAÇLARI (TL) FONU,2,2,0.175,1,1,YAPI KREDİ PORTFÖY YÖNETİMİ A.Ş.,Kategorisiz,2026-09-21T00:00:00.000Z,85273727,527,-264508.358478
YAK,YAPI KREDİ PORTFÖY KARMA FON,5,2.75,0.175,1,2,YAPI KREDİ PORTFÖY YÖNETİMİ A.Ş.,Kategorisiz,2026-09-21T00:00:00.000Z,1125678647,106071,-1176455.34578
YAN,YAPI KREDİ PORTFÖY BİRİNCİ FON SEPETİ FONU,4,3,0.175,1,2,YAPI KREDİ PORTFÖY YÖNETİMİ A.Ş.,Kategorisiz,2026-09-18T00:00:00.000Z,1898067116,3603,-90229.864824
YAS,YAPI KREDİ PORTFÖY KOÇ HOLDİNG  İŞTİRAK VE HİSSE SENEDİ FONU (HİSSE SENEDİ YOĞUN FON),6,3.54999,0,1,2,YAPI KREDİ PORTFÖY YÖNETİMİ A.Ş.,Tematik Hisse,2026-09-21T00:00:00.000Z,6216567420,28692,-5834154.84312
YAY,YAPI KREDİ PORTFÖY YABANCI TEKNOLOJİ SEKTÖRÜ HİSSE SENEDİ FONU,7,3.2485,0.175,1,2,YAPI KREDİ PORTFÖY YÖNETİMİ A.Ş.,Tematik Hisse,2026-09-21T00:00:00.000Z,13365190076,21550,-48231554.33911
YBE,YAPI KREDİ PORTFÖY EUROBOND (DOLAR) BORÇLANMA ARAÇLARI FONU,5,3,0.175,1,2,YAPI KREDİ PORTFÖY YÖNETİMİ A.Ş.,Eurobond Borçlanma Araçları,2026-09-21T00:00:00.000Z,4964431164,11474,-6687121.9782960005
YBH,YAPI KREDİ PORTFÖY 5-15 YIL VADELİ SERBEST (DÖVİZ) FON,,1.5,0.175,1,2,YAPI KREDİ PORTFÖY YÖNETİMİ A.Ş.,Döviz Fon,2026-09-21T00:00:00.000Z,626887283,360,-6294855.0409200005
YBR,İŞ PORTFÖY YİRMİBİRİNCİ SERBEST (DÖVİZ) FON,,1,0.175,1,3,İŞ PORTFÖY YÖNETİMİ A.Ş.,Döviz Fon,2026-09-21T00:00:00.000Z,6317588645,2590,-100572908.24547
YBS,YAPI KREDİ PORTFÖY ÖZEL SEKTÖR BORÇLANMA ARAÇLARI FONU,1,1.825,0.175,1,1,YAPI KREDİ PORTFÖY YÖNETİMİ A.Ş.,Borçlanma Araçları - Özel Sektör,2026-09-21T00:00:00.000Z,2209715924,11252,216808.26154399998
YCK,YAPI KREDİ PORTFÖY CİHANGİR SERBEST FON,6,3.5,0.175,1,2,YAPI KREDİ PORTFÖY YÖNETİMİ A.Ş.,Kategorisiz,2026-09-21T00:00:00.000Z,416172924,109,-161748.863136
YCP,YAPI KREDİ PORTFÖY BANKACILIK SEKTÖRÜ HİSSE SENEDİ SERBEST FON (HİSSE SENEDİ YOĞUN FON),7,3,0,1,2,YAPI KREDİ PORTFÖY YÖNETİMİ A.Ş.,Tematik Hisse,2026-09-21T00:00:00.000Z,1000263119,1354,663354.780702
YCY,İSTANBUL PORTFÖY KATILIM FON SEPETİ FONU,2,2.625263,0.175,1,2,İSTANBUL PORTFÖY YÖNETİMİ A.Ş.,Kategorisiz,2026-09-18T00:00:00.000Z,399871120,276,21649653.165249
YDI,YAPI KREDİ PORTFÖY MODEL PORTFÖY HİSSE SENEDİ FONU (HİSSE SENEDİ YOĞUN FON),6,3.44998,0,1,2,YAPI KREDİ PORTFÖY YÖNETİMİ A.Ş.,Yerli Hisse,2026-09-21T00:00:00.000Z,1112434846,5755,-907366.3986419999
YDP,YAPI KREDİ PORTFÖY BİRİNCİ DEĞİŞKEN FON,5,2,0.175,1,2,YAPI KREDİ PORTFÖY YÖNETİMİ A.Ş.,Kategorisiz,2026-09-21T00:00:00.000Z,410637847,1319,-10065524.418522
YEF,YAPI KREDİ PORTFÖY BIST 30 ENDEKSİ HİSSE SENEDİ FONU (HİSSE SENEDİ YOĞUN FON),6,2.0075,0,1,2,YAPI KREDİ PORTFÖY YÖNETİMİ A.Ş.,Tematik Hisse,2026-09-21T00:00:00.000Z,2078866396,11263,-6379918.287776
YFV,YAPI KREDİ PORTFÖY KİRA SERTİFİKALARI KATILIM FONU,2,2.0075,0.175,1,1,YAPI KREDİ PORTFÖY YÖNETİMİ A.Ş.,Kira Sertifikaları,2026-09-21T00:00:00.000Z,921109928,6576,-8175514.384114
YGM,YAPI KREDİ PORTFÖY EMTİA SERBEST FON,6,2.9,0.175,1,2,YAPI KREDİ PORTFÖY YÖNETİMİ A.Ş.,Emtia Fonları,2026-09-21T00:00:00.000Z,566739038,1275,-260248.428608
YHB,YAPI KREDİ PORTFÖY BIST 100 DIŞI ŞİRKETLER HİSSE SENEDİ FONU (HİSSE SENEDİ YOĞUN FON),6,3,0,1,2,YAPI KREDİ PORTFÖY YÖNETİMİ A.Ş.,Tematik Hisse,2026-09-21T00:00:00.000Z,238410711,4311,-1221450.285885
YHI,YAPI KREDİ PORTFÖY İNŞAAT SEKTÖRÜ HİSSE SENEDİ SERBEST (TL) FON (HİSSE SENEDİ YOĞUN FON),6,3,0,1,2,YAPI KREDİ PORTFÖY YÖNETİMİ A.Ş.,Tematik Hisse,2026-09-21T00:00:00.000Z,52924199,158,34365.661604
YHK,YAPI KREDİ PORTFÖY KATILIM HİSSE SENEDİ FONU (HİSSE SENEDİ YOĞUN FON),6,3.15,0,1,2,YAPI KREDİ PORTFÖY YÖNETİMİ A.Ş.,Yerli Hisse,2026-09-21T00:00:00.000Z,1137725670,3045,-16439351.549490001
YHP,YAPI KREDİ PORTFÖY KADIKÖY SERBEST FON,6,0.6,0.175,1,2,YAPI KREDİ PORTFÖY YÖNETİMİ A.Ş.,Kategorisiz,2026-09-21T00:00:00.000Z,1772797317,1,0
YHS,YAPI KREDİ PORTFÖY BİRİNCİ HİSSE SENEDİ FONU (HİSSE SENEDİ YOĞUN FON),6,3.44998,0,1,2,YAPI KREDİ PORTFÖY YÖNETİMİ A.Ş.,Yerli Hisse,2026-09-21T00:00:00.000Z,2582994873,7643,-9986030.888886
YHT,YAPI KREDİ PORTFÖY KISA VADELİ BORÇLANMA ARAÇLARI (TL) FONU,1,2.42,0.175,0,0,YAPI KREDİ PORTFÖY YÖNETİMİ A.Ş.,Kısa Vadeli,2026-09-21T00:00:00.000Z,3039210763,83087,117853745.754195
YHZ,YAPI KREDİ PORTFÖY BIST TEKNOLOJİ AĞIRLIK SINIRLAMALI ENDEKSİ HİSSE SENEDİ FONU (HİSSE SENEDİ YOĞUN FON),6,2,0,1,2,YAPI KREDİ PORTFÖY YÖNETİMİ A.Ş.,Tematik Hisse,2026-09-21T00:00:00.000Z,1170562886,10756,-40472991.774972
YIK,YAPI KREDİ PORTFÖY İKİNCİ PARA PİYASASI SERBEST (TL) FON,2,0.7,0.175,0,0,YAPI KREDİ PORTFÖY YÖNETİMİ A.Ş.,Serbest Para Piyasası Fonları,2026-09-21T00:00:00.000Z,3666494035,1286,-11832231.024768
YIT,GARANTİ PORTFÖY YARI İLETKEN TEKNOLOJİLERİ DEĞİŞKEN FON,6,2.7,0.175,1,3,GARANTİ PORTFÖY YÖNETİMİ A.Ş.,Teknoloji,2026-09-18T00:00:00.000Z,2023438355,15646,-21552004.061445
YJH,YAPI KREDİ PORTFÖY TEMİZ ENERJİ DEĞİŞKEN FON,4,2.5,0.175,1,2,YAPI KREDİ PORTFÖY YÖNETİMİ A.Ş.,Sürdürülebilirlik,2026-09-21T00:00:00.000Z,182000060,2987,-424404.346352
YJK,YAPI KREDİ PORTFÖY ROBOTİK VE YARI İLETKEN TEKNOLOJİLERİ FON SEPETİ FONU,5,2.5,0.175,1,2,YAPI KREDİ PORTFÖY YÖNETİMİ A.Ş.,Teknoloji,2026-09-18T00:00:00.000Z,980485650,13784,-2920013.304704
YJY,YAPI KREDİ PORTFÖY YENİKÖY SERBEST (DÖVİZ) FON,,1.2,0.175,1,1,YAPI KREDİ PORTFÖY YÖNETİMİ A.Ş.,Döviz Fon,2026-09-21T00:00:00.000Z,80170555168,8295,-279634716.024912
YKS,YAPI KREDİ PORTFÖY İSTANBUL SERBEST FON,2,2,0.175,1,2,YAPI KREDİ PORTFÖY YÖNETİMİ A.Ş.,Kategorisiz,2026-09-21T00:00:00.000Z,733541336,280,583011.485056
YKT,YAPI KREDİ PORTFÖY ALTIN FONU,6,2.0075,0.175,1,1,YAPI KREDİ PORTFÖY YÖNETİMİ A.Ş.,Altın Fonları,2026-09-21T00:00:00.000Z,32667671108,68349,-39669895.344842
YLC,ATA PORTFÖY TARIM VE GIDA DEĞİŞKEN FON,5,1.75,0.175,1,3,ATA PORTFÖY YÖNETİMİ A.Ş.,Tarım - Gıda,2026-09-18T00:00:00.000Z,76949289,1352,-497470.800736
YLE,YAPI KREDİ PORTFÖY BİST SÜRDÜRÜLEBİLİRLİK ENDEKSİ HİSSE SENEDİ FONU (HİSSE SENEDİ YOĞUN FON),6,2,0,1,2,YAPI KREDİ PORTFÖY YÖNETİMİ A.Ş.,Tematik Hisse,2026-09-21T00:00:00.000Z,244039233,1716,-266797.087708
YLO,YAPI KREDİ PORTFÖY ELEKTRİKLİ ARAÇLAR DEĞİŞKEN FON,6,2.5,0.175,1,2,YAPI KREDİ PORTFÖY YÖNETİMİ A.Ş.,Teknoloji,2026-09-21T00:00:00.000Z,241391973,3630,-1016124.976974
YLY,YAPI KREDİ PORTFÖY KAR PAYI ÖDEYEN HİSSE SENEDİ (TL) FONU (HİSSE SENEDİ YOĞUN FON),6,3,0,1,2,YAPI KREDİ PORTFÖY YÖNETİMİ A.Ş.,Yerli Hisse,2026-09-21T00:00:00.000Z,33281448,498,-94755.69381900001
YMD,YAPI KREDİ PORTFÖY MASLAK SERBEST (DÖVİZ-ABD DOLARI) FON,,1.5,0.175,1,1,YAPI KREDİ PORTFÖY YÖNETİMİ A.Ş.,Döviz Fon,2026-09-21T00:00:00.000Z,7698500375,1300,-121902615.028517
YMH,YAPI KREDİ PORTFÖY MUTLAK GETİRİ HEDEFLİ HİSSE SENEDİ SERBEST FON (HİSSE SENEDİ YOĞUN FON),2,2.5,0,1,2,YAPI KREDİ PORTFÖY YÖNETİMİ A.Ş.,Mutlak Getiri Hedefli,2026-09-21T00:00:00.000Z,429067702,270,-2933119.164246
YNK,YAPI KREDİ PORTFÖY NİŞANTAŞI KAR PAYI ÖDEYEN SERBEST (DÖVİZ) FON,,1.4,0.175,1,2,YAPI KREDİ PORTFÖY YÖNETİMİ A.Ş.,Kar Payı Ödeyen Fonlar (Döviz),2026-09-21T00:00:00.000Z,20240876767,957,-15233680.28445
YOT,YAPI KREDİ PORTFÖY BORÇLANMA ARAÇLARI FONU,4,3,0.175,1,1,YAPI KREDİ PORTFÖY YÖNETİMİ A.Ş.,Kategorisiz,2026-09-21T00:00:00.000Z,2232577540,8765,-4683617.72742
YOZ,DENİZ PORTFÖY YAKAMOZ SERBEST (DÖVİZ) FON,3,0.7,0.175,1,1,DENİZ PORTFÖY YÖNETİMİ A.Ş.,Döviz Fon,2026-09-21T00:00:00.000Z,49802472309,0,-194831452.890816
YP4,YAPI KREDİ PORTFÖY FERİKÖY SERBEST (DÖVİZ) FON,,1,0.175,1,1,YAPI KREDİ PORTFÖY YÖNETİMİ A.Ş.,Döviz Fon,2026-09-21T00:00:00.000Z,135906607206,26947,-688942450.2384
YPC,YAPI KREDİ PORTFÖY SÜRDÜRÜLEBİLİRLİK DEĞİŞKEN FON,5,2.5,0.175,1,2,YAPI KREDİ PORTFÖY YÖNETİMİ A.Ş.,Sürdürülebilirlik,2026-09-21T00:00:00.000Z,52728122,1707,-885310.25895
YPF,YAPI KREDİ PORTFÖY ALFA SERBEST FON,5,2,0.175,1,2,YAPI KREDİ PORTFÖY YÖNETİMİ A.Ş.,Kategorisiz,2026-09-21T00:00:00.000Z,1471085333,483,-31580587.36854
YPK,YAPI KREDİ PORTFÖY GALATA SERBEST FON,5,1.5,0.175,1,2,YAPI KREDİ PORTFÖY YÖNETİMİ A.Ş.,Kategorisiz,2026-09-21T00:00:00.000Z,208843340,169,-3708153.8271069997
YPL,YAPI KREDİ PORTFÖY BALAT SERBEST (DÖVİZ) FON,,1.5,0.175,1,2,YAPI KREDİ PORTFÖY YÖNETİMİ A.Ş.,Döviz Fon,2026-09-21T00:00:00.000Z,13446177978,1322,-101167768.310528
YPR,AZİMUT PORTFÖY YILDIZ PAZAR ŞİRKETLERİ HİSSE SENEDİ FONU (HİSSE SENEDİ YOĞUN FON),6,2.35,0,1,2,AZİMUT PORTFÖY YÖNETİMİ A.Ş.,Yerli Hisse,2026-09-21T00:00:00.000Z,78941758,0,-467475.72461
YPV,YAPI KREDİ PORTFÖY ÜÇÜNCÜ FON SEPETİ FONU,5,3,0.175,1,2,YAPI KREDİ PORTFÖY YÖNETİMİ A.Ş.,Kategorisiz,2026-09-18T00:00:00.000Z,5441246948,3339,-1409990.74385
YSA,YAPI KREDİ PORTFÖY SUADİYE SERBEST (DÖVİZ) FON,,1.5,0.175,1,2,YAPI KREDİ PORTFÖY YÖNETİMİ A.Ş.,Döviz Fon,2026-09-21T00:00:00.000Z,410003741,222,4690829.8371129995
YSH,YAPI KREDİ PORTFÖY BÜYÜK ÖLÇEKLİ ŞİRKETLER DEĞİŞKEN FON,5,2.5,,1,2,YAPI KREDİ PORTFÖY YÖNETİMİ A.Ş.,Kategorisiz,2026-09-21T00:00:00.000Z,60997051,319,-875073.234399
YSL,YAPI KREDİ PORTFÖY KAR PAYI ÖDEYEN KİRA SERTİFİKALARI KATILIM SERBEST (DÖVİZ) FON,,1.5,0.175,1,2,YAPI KREDİ PORTFÖY YÖNETİMİ A.Ş.,Serbest Katılım Fonları,2026-09-21T00:00:00.000Z,681876636,245,36656.156988
YSO,YAPI KREDİ PORTFÖY SAĞLIK SEKTÖRÜ SERBEST FON,6,2.5,0.175,1,2,YAPI KREDİ PORTFÖY YÖNETİMİ A.Ş.,Sağlık - İlaç,2026-09-21T00:00:00.000Z,94188745,255,-2846682.179
YSU,YAPI KREDİ PORTFÖY ÜÇÜNCÜ DEĞİŞKEN FON,4,1.4965,0.175,1,1,YAPI KREDİ PORTFÖY YÖNETİMİ A.Ş.,Kategorisiz,2026-09-21T00:00:00.000Z,250622239,5750,-679409.607357
YTD,YAPI KREDİ PORTFÖY YABANCI FON SEPETİ FONU,6,2.5,0.175,1,2,YAPI KREDİ PORTFÖY YÖNETİMİ A.Ş.,Yabancı Fonlar,2026-09-18T00:00:00.000Z,1760607109,14866,-361830.225405
YTV,YAPI KREDİ PORTFÖY TARIM DEĞİŞKEN FON,5,2.5,0.175,1,2,YAPI KREDİ PORTFÖY YÖNETİMİ A.Ş.,Tarım - Gıda,2026-09-21T00:00:00.000Z,214310279,1635,-435038.80321000004
YTY,YAPI KREDİ PORTFÖY TARABYA SERBEST (DÖVİZ-AVRO) FON,,0.6,0.175,1,1,YAPI KREDİ PORTFÖY YÖNETİMİ A.Ş.,Döviz Fon,2026-09-21T00:00:00.000Z,126926841066,19245,170084585.74482
YUB,YAPI KREDİ PORTFÖY KARAKÖY HİSSE SENEDİ SERBEST FON (HİSSE SENEDİ YOĞUN FON),7,3,0,1,2,YAPI KREDİ PORTFÖY YÖNETİMİ A.Ş.,Yerli Hisse,2026-09-21T00:00:00.000Z,363094378,420,-2283384.927348
YUI,YAPI KREDİ PORTFÖY BEYKOZ SERBEST FON,6,0.6,0.175,1,1,YAPI KREDİ PORTFÖY YÖNETİMİ A.Ş.,Kategorisiz,2026-09-21T00:00:00.000Z,907349973,7,0
YUN,YAPI KREDİ PORTFÖY İSTİNYE SERBEST (DÖVİZ)  FON,,1.5,0.175,1,2,YAPI KREDİ PORTFÖY YÖNETİMİ A.Ş.,Döviz Fon,2026-09-21T00:00:00.000Z,3270491592,442,-40854764.17349
YVB,YAPI KREDİ PORTFÖY UZUN VADELİ BORÇLANMA ARAÇLARI FONU,5,3,0.175,1,1,YAPI KREDİ PORTFÖY YÖNETİMİ A.Ş.,Uzun Vadeli Borçlanma Araçları,2026-09-21T00:00:00.000Z,125838374,559,-17129772.80382
YVG,YAPI KREDİ PORTFÖY SARIYER SERBEST (DÖVİZ-AVRO) FON,,1,0.175,1,2,YAPI KREDİ PORTFÖY YÖNETİMİ A.Ş.,Döviz Fon,2026-09-21T00:00:00.000Z,6038977159,1089,-54797052.470958
YZC,YAPI KREDİ PORTFÖY FİNTECH VE BLOCKCHAİN TEKNOLOJİLERİ DEĞİŞKEN FON,6,3,0.175,1,2,YAPI KREDİ PORTFÖY YÖNETİMİ A.Ş.,Teknoloji,2026-09-21T00:00:00.000Z,647203625,7848,-2660610.35903
YZG,YAPI KREDİ PORTFÖY GÜMÜŞ FON SEPETİ FONU,7,2.8,0.175,1,2,YAPI KREDİ PORTFÖY YÖNETİMİ A.Ş.,Gümüş Fonları,2026-09-18T00:00:00.000Z,10678609260,59030,-25326057.97848
YZH,TEB PORTFÖY BIST BANKA ENDEKSİ HİSSE SENEDİ FONU (HİSSE SENEDİ YOĞUN FON),7,2,0,1,2,TEB PORTFÖY YÖNETİMİ A.Ş.,Tematik Hisse,2026-09-21T00:00:00.000Z,573467267,5441,-6003519.049752001
YZK,YAPI KREDİ PORTFÖY KALAMIŞ SERBEST FON,5,3,0.175,1,2,YAPI KREDİ PORTFÖY YÖNETİMİ A.Ş.,Kategorisiz,2026-09-21T00:00:00.000Z,194560285,145,-1806.2874219999999
YZT,AK PORTFÖY YAPAY ZEKA TEKNOLOJİLERİ ŞİRKETLERİ DEĞİŞKEN FON,4,2.9,,1,3,AK PORTFÖY YÖNETİMİ A.Ş.,Teknoloji,2026-09-21T00:00:00.000Z,655865697,4637,-11398087.548565
ZBD,ZİRAAT PORTFÖY DENGELİ DEĞİŞKEN FON,6,2.25,0.175,1,2,ZİRAAT PORTFÖY YÖNETİMİ A.Ş.,Kategorisiz,2026-09-21T00:00:00.000Z,930592545,1059,34460.9499
ZBI,ZİRAAT PORTFÖY TEMKİNLİ KATILIM FONU,3,2,0.175,1,2,ZİRAAT PORTFÖY YÖNETİMİ A.Ş.,Kategorisiz,2026-09-21T00:00:00.000Z,210705490,936,1507137.2913300002
ZBJ,ZİRAAT PORTFÖY BAŞAK PARA PİYASASI (TL) FONU,1,0.49,0.175,0,0,ZİRAAT PORTFÖY YÖNETİMİ A.Ş.,Para Piyasası,2026-09-21T00:00:00.000Z,49230544290,5746,-1711641247.356768
ZBO,ZİRAAT PORTFÖY MUTLAK GETİRİ HEDEFLİ HİSSE SENEDİ SERBEST FON (HİSSE SENEDİ YOĞUN FON),5,2.5,0,1,2,ZİRAAT PORTFÖY YÖNETİMİ A.Ş.,Mutlak Getiri Hedefli,2026-09-21T00:00:00.000Z,474301731,72,121786.1758
ZCD,ZİRAAT PORTFÖY ALTINCI SERBEST (TL) FON,6,0.5,0.175,1,2,ZİRAAT PORTFÖY YÖNETİMİ A.Ş.,Kategorisiz,2026-09-21T00:00:00.000Z,1313060520,148,-15243670.7747
ZCK,ZİRAAT PORTFÖY AGRESİF KATILIM FONU,4,2.75,0.175,1,2,ZİRAAT PORTFÖY YÖNETİMİ A.Ş.,Kategorisiz,2026-09-21T00:00:00.000Z,376419408,1405,-244152.55180800002
ZCN,ZİRAAT PORTFÖY EMTİA FON SEPETİ FONU,6,2.6,0.175,1,3,ZİRAAT PORTFÖY YÖNETİMİ A.Ş.,Emtia Fonları,2026-09-21T00:00:00.000Z,600304539,2475,-3700856.4494999996
ZDD,ZİRAAT PORTFÖY TEMKİNLİ DEĞİŞKEN FON,4,2,0.175,1,2,ZİRAAT PORTFÖY YÖNETİMİ A.Ş.,Kategorisiz,2026-09-21T00:00:00.000Z,521538906,900,-7016273.709151
ZDZ,ZİRAAT PORTFÖY AGRESİF DEĞİŞKEN FON,6,2.75,0.175,1,2,ZİRAAT PORTFÖY YÖNETİMİ A.Ş.,Kategorisiz,2026-09-21T00:00:00.000Z,875196592,4074,-522553.729368
ZFB,AK PORTFÖY FİNTEK VE BLOKZİNCİRİ TEKNOLOJİLERİ DEĞİŞKEN FON,6,2.9,0.175,1,3,AK PORTFÖY YÖNETİMİ A.Ş.,Teknoloji,2026-09-21T00:00:00.000Z,966277470,8397,-7791414.732387
ZHH,ZİRAAT PORTFÖY HALKBANK SÜRDÜRÜLEBİLİRLİK 30 ŞİRKETLERİ HİSSE SENEDİ FONU (HİSSE SENEDİ YOĞUN FON),5,2.25,0,1,2,ZİRAAT PORTFÖY YÖNETİMİ A.Ş.,Tematik Hisse,2026-09-21T00:00:00.000Z,86328490,389,2400.505723
ZIH,ZİRAAT PORTFÖY HAVACILIK VE SAVUNMA TEKNOLOJİLERİ DEĞİŞKEN FON,6,2.25,,1,3,ZİRAAT PORTFÖY YÖNETİMİ A.Ş.,Teknoloji,2026-09-21T00:00:00.000Z,532463579,2675,-3589727.8382
ZJB,ZİRAAT PORTFÖY BİRİNCİ SERBEST (TL) FON,7,1.75,0.175,1,2,ZİRAAT PORTFÖY YÖNETİMİ A.Ş.,Kategorisiz,2026-09-21T00:00:00.000Z,7834603770,232,-2477536.714565
ZJI,ZİRAAT PORTFÖY İKİNCİ SERBEST (TL) FON,7,1.75,0.175,1,2,ZİRAAT PORTFÖY YÖNETİMİ A.Ş.,Kategorisiz,2026-09-21T00:00:00.000Z,6259836601,170,-2663219.638512
ZJL,ZİRAAT PORTFÖY BIST 100 DIŞI ŞİRKETLER HİSSE SENEDİ FONU (HİSSE SENEDİ YOĞUN FON),6,2.75,0,1,2,ZİRAAT PORTFÖY YÖNETİMİ A.Ş.,Tematik Hisse,2026-09-21T00:00:00.000Z,363550144,971,-4835838.9458
ZJV,ZİRAAT PORTFÖY BIST 30 DIŞI YILDIZ PAZAR ŞİRKETLERİ HİSSE SENEDİ FONU (HİSSE SENEDİ YOĞUN FON),6,2.75,0,1,2,ZİRAAT PORTFÖY YÖNETİMİ A.Ş.,Tematik Hisse,2026-09-21T00:00:00.000Z,626212471,599,110065.12
ZLH,ZİRAAT PORTFÖY BIST 100-30 ŞİRKETLERİ HİSSE SENEDİ FONU (HİSSE SENEDİ YOĞUN FON),6,2.75,0,1,2,ZİRAAT PORTFÖY YÖNETİMİ A.Ş.,Tematik Hisse,2026-09-21T00:00:00.000Z,439813188,2057,1672808.8214999998
ZMT,AZİMUT PORTFÖY 22.0 SERBEST (DÖVİZ-AVRO) FON,,1.05,0.175,1,3,AZİMUT PORTFÖY YÖNETİMİ A.Ş.,Döviz Fon,2026-09-21T00:00:00.000Z,1729091668,0,-5093141.199864
ZMY,ZİRAAT PORTFÖY METAVERSE VE YENİ TEKNOLOJİLER DEĞİŞKEN FON,6,2.75,0.175,1,3,ZİRAAT PORTFÖY YÖNETİMİ A.Ş.,Teknoloji,2026-09-21T00:00:00.000Z,188470451,1418,-313510.887
ZP6,ZİRAAT PORTFÖY SEDEF KATILIM SERBEST (DÖVİZ-AMERİKAN DOLARI) FON,5,1,0.175,1,2,ZİRAAT PORTFÖY YÖNETİMİ A.Ş.,Serbest Katılım Fonları,2026-09-21T00:00:00.000Z,5404652409,41,-135244657.953731
ZP8,ZİRAAT PORTFÖY KEHRİBAR PARA PİYASASI KATILIM SERBEST (TL) FON,2,1,0.175,0,0,ZİRAAT PORTFÖY YÖNETİMİ A.Ş.,Serbest Katılım Fonları,2026-09-21T00:00:00.000Z,56658009926,696,677030260.96734
ZP9,ZİRAAT PORTFÖY AKİK KATILIM SERBEST (DÖVİZ-AVRO) FON,6,1,0.175,1,2,ZİRAAT PORTFÖY YÖNETİMİ A.Ş.,Serbest Katılım Fonları,2026-09-21T00:00:00.000Z,2607839943,20,-292313284.978884
ZPA,ZİRAAT PORTFÖY SERBEST (DÖVİZ) FON,6,0.88,0.175,1,2,ZİRAAT PORTFÖY YÖNETİMİ A.Ş.,Döviz Fon,2026-09-21T00:00:00.000Z,4189390763,46,-69695807.485568
ZPC,ZİRAAT PORTFÖY FON SEPETİ FONU,5,2,0.175,1,2,ZİRAAT PORTFÖY YÖNETİMİ A.Ş.,Kategorisiz,2026-09-21T00:00:00.000Z,3161101801,1999,-347284.962815
ZPE,ZİRAAT PORTFÖY KATILIM HİSSE SENEDİ FONU (HİSSE SENEDİ YOĞUN FON),6,2.75,0,1,2,ZİRAAT PORTFÖY YÖNETİMİ A.Ş.,Yerli Hisse,2026-09-21T00:00:00.000Z,1262202086,3005,-1347274.119396
ZPF,ZİRAAT PORTFÖY KATILIM FONU (DÖVİZ),6,1.00375,0.175,1,3,ZİRAAT PORTFÖY YÖNETİMİ A.Ş.,Döviz Fon,2026-09-21T00:00:00.000Z,752352761,1705,-496392.5899
ZPG,ZİRAAT PORTFÖY KİRA SERTİFİKALARI (SUKUK) KATILIM FONU,2,1.50015,0.175,1,1,ZİRAAT PORTFÖY YÖNETİMİ A.Ş.,Kira Sertifikaları,2026-09-21T00:00:00.000Z,1691195422,2875,12013986.065408
ZPO,ZİRAAT PORTFÖY PARA PİYASASI KATILIM FONU,,1,0.175,0,0,ZİRAAT PORTFÖY YÖNETİMİ A.Ş.,Para Piyasası,2026-09-21T00:00:00.000Z,2470410547,1145,107610717.06037799
ZPR,ZİRAAT PORTFÖY PARA PİYASASI SERBEST FON,2,1,0.175,0,0,ZİRAAT PORTFÖY YÖNETİMİ A.Ş.,Serbest Para Piyasası Fonları,2026-09-21T00:00:00.000Z,48054123219,471,2492505250.5447063
ZSF,ZİRAAT PORTFÖY S&P/OIC COMCEC (İSEDAK) 50 SHARİAH ŞİRKETLERİ YABANCI HİSSE SENEDİ FONU,6,2,0.175,1,4,ZİRAAT PORTFÖY YÖNETİMİ A.Ş.,Yabancı Fonlar,2026-09-21T00:00:00.000Z,41776234,471,0
ZSG,ZİRAAT PORTFÖY ESG SÜRDÜRÜLEBİLİRLİK FON SEPETİ FONU,6,2,0.175,1,3,ZİRAAT PORTFÖY YÖNETİMİ A.Ş.,Sürdürülebilirlik,2026-09-21T00:00:00.000Z,49549353,379,-17428.392
ZTG,ZİRAAT PORTFÖY TARIM VE GIDA FON SEPETİ FONU,5,2,0.175,1,3,ZİRAAT PORTFÖY YÖNETİMİ A.Ş.,Tarım - Gıda,2026-09-21T00:00:00.000Z,45238987,495,-332514.091098
ZTV,ZİRAAT PORTFÖY TÜRKİYE VARLIK FONU İŞTİRAKLERİ HİSSE SENEDİ FONU (HİSSE SENEDİ YOĞUN FON),,2,0,1,2,ZİRAAT PORTFÖY YÖNETİMİ A.Ş.,Tematik Hisse,2026-09-21T00:00:00.000Z,664368842,761,-1207627.093572
ZVO,ZİRAAT PORTFÖY ÜÇÜNCÜ SERBEST (TL) FON,7,0.5,0.175,1,2,ZİRAAT PORTFÖY YÖNETİMİ A.Ş.,Kategorisiz,2026-09-21T00:00:00.000Z,868941428,73,-306395.21583
